ISO-10303-21;
HEADER;
/* Generated by software containing ST-Developer
 * from STEP Tools, Inc. (www.steptools.com) 
 */

FILE_DESCRIPTION(
/* description */ (''),
/* implementation_level */ '2;1');

FILE_NAME(
/* name */ 'Carriage v1 v6.step',
/* time_stamp */ '2024-07-28T21:50:55+02:00',
/* author */ (''),
/* organization */ (''),
/* preprocessor_version */ 'ST-DEVELOPER v20',
/* originating_system */ 'Autodesk Translation Framework v13.14.0.145',

/* authorisation */ '');

FILE_SCHEMA (('AUTOMOTIVE_DESIGN { 1 0 10303 214 3 1 1 }'));
ENDSEC;

DATA;
#10=MECHANICAL_DESIGN_GEOMETRIC_PRESENTATION_REPRESENTATION('',(#17),#3553);
#11=ITEM_DEFINED_TRANSFORMATION($,$,#2072,#2249);
#12=(
REPRESENTATION_RELATIONSHIP($,$,#3564,#3563)
REPRESENTATION_RELATIONSHIP_WITH_TRANSFORMATION(#11)
SHAPE_REPRESENTATION_RELATIONSHIP()
);
#13=CONTEXT_DEPENDENT_SHAPE_REPRESENTATION(#12,#3562);
#14=NEXT_ASSEMBLY_USAGE_OCCURRENCE('Pump Carriage Sled:1',
'Pump Carriage Sled:1','Pump Carriage Sled:1',#3566,#3567,
'Pump Carriage Sled:1');
#15=SHAPE_REPRESENTATION_RELATIONSHIP('SRR','None',#3564,#16);
#16=ADVANCED_BREP_SHAPE_REPRESENTATION('',(#18),#3552);
#17=STYLED_ITEM('',(#3578),#18);
#18=MANIFOLD_SOLID_BREP('Bry\X2\0142\X0\a1',#2058);
#19=B_SPLINE_SURFACE_WITH_KNOTS('',3,1,((#3375,#3376),(#3377,#3378),(#3379,
#3380),(#3381,#3382),(#3383,#3384)),.UNSPECIFIED.,.F.,.F.,.F.,(4,1,4),(2,
2),(0.,0.0549503294624443,0.137662790906451),(0.,0.2),.UNSPECIFIED.);
#20=B_SPLINE_SURFACE_WITH_KNOTS('',3,1,((#3394,#3395),(#3396,#3397),(#3398,
#3399),(#3400,#3401),(#3402,#3403)),.UNSPECIFIED.,.F.,.F.,.F.,(4,1,4),(2,
2),(0.,0.0774958610294666,0.130703125025061),(0.,0.2),.UNSPECIFIED.);
#21=B_SPLINE_SURFACE_WITH_KNOTS('',3,1,((#3423,#3424),(#3425,#3426),(#3427,
#3428),(#3429,#3430),(#3431,#3432)),.UNSPECIFIED.,.F.,.F.,.F.,(4,1,4),(2,
2),(0.,0.148049122534126,0.269235896958434),(0.,0.2),.UNSPECIFIED.);
#22=B_SPLINE_SURFACE_WITH_KNOTS('',3,1,((#3444,#3445),(#3446,#3447),(#3448,
#3449),(#3450,#3451),(#3452,#3453)),.UNSPECIFIED.,.F.,.F.,.F.,(4,1,4),(2,
2),(0.,0.100544786831706,0.228318067131329),(0.,0.2),.UNSPECIFIED.);
#23=B_SPLINE_SURFACE_WITH_KNOTS('',3,1,((#3461,#3462),(#3463,#3464),(#3465,
#3466),(#3467,#3468),(#3469,#3470)),.UNSPECIFIED.,.F.,.F.,.F.,(4,1,4),(2,
2),(0.,0.0818549543786459,0.167072060520981),(0.,0.2),.UNSPECIFIED.);
#24=B_SPLINE_SURFACE_WITH_KNOTS('',3,1,((#3482,#3483),(#3484,#3485),(#3486,
#3487),(#3488,#3489),(#3490,#3491)),.UNSPECIFIED.,.F.,.F.,.F.,(4,1,4),(2,
2),(0.,0.0842208029491484,0.157647522848147),(0.,0.2),.UNSPECIFIED.);
#25=B_SPLINE_SURFACE_WITH_KNOTS('',3,1,((#3499,#3500),(#3501,#3502),(#3503,
#3504),(#3505,#3506),(#3507,#3508)),.UNSPECIFIED.,.F.,.F.,.F.,(4,1,4),(2,
2),(0.,0.130330229366177,0.233551745351032),(0.,0.2),.UNSPECIFIED.);
#26=B_SPLINE_CURVE_WITH_KNOTS('',3,(#3056,#3057,#3058,#3059,#3060),
 .UNSPECIFIED.,.F.,.F.,(4,1,4),(0.,0.0549503294624443,0.137662790906451),
 .UNSPECIFIED.);
#27=B_SPLINE_CURVE_WITH_KNOTS('',3,(#3064,#3065,#3066,#3067,#3068),
 .UNSPECIFIED.,.F.,.F.,(4,1,4),(0.,0.130330229366177,0.233551745351032),
 .UNSPECIFIED.);
#28=B_SPLINE_CURVE_WITH_KNOTS('',3,(#3070,#3071,#3072,#3073,#3074),
 .UNSPECIFIED.,.F.,.F.,(4,1,4),(0.,0.0842208029491484,0.157647522848147),
 .UNSPECIFIED.);
#29=B_SPLINE_CURVE_WITH_KNOTS('',3,(#3078,#3079,#3080,#3081,#3082),
 .UNSPECIFIED.,.F.,.F.,(4,1,4),(0.,0.0818549543786459,0.167072060520981),
 .UNSPECIFIED.);
#30=B_SPLINE_CURVE_WITH_KNOTS('',3,(#3084,#3085,#3086,#3087,#3088),
 .UNSPECIFIED.,.F.,.F.,(4,1,4),(0.,0.100544786831706,0.228318067131329),
 .UNSPECIFIED.);
#31=B_SPLINE_CURVE_WITH_KNOTS('',3,(#3092,#3093,#3094,#3095,#3096),
 .UNSPECIFIED.,.F.,.F.,(4,1,4),(0.,0.148049122534126,0.269235896958434),
 .UNSPECIFIED.);
#32=B_SPLINE_CURVE_WITH_KNOTS('',3,(#3103,#3104,#3105,#3106,#3107),
 .UNSPECIFIED.,.F.,.F.,(4,1,4),(0.,0.0774958610294666,0.130703125025061),
 .UNSPECIFIED.);
#33=B_SPLINE_CURVE_WITH_KNOTS('',3,(#3147,#3148,#3149,#3150),
 .UNSPECIFIED.,.F.,.F.,(4,4),(-0.0856896592194356,0.),.UNSPECIFIED.);
#34=B_SPLINE_CURVE_WITH_KNOTS('',3,(#3315,#3316,#3317,#3318),
 .UNSPECIFIED.,.F.,.F.,(4,4),(-0.087428384140682,0.),.UNSPECIFIED.);
#35=B_SPLINE_CURVE_WITH_KNOTS('',3,(#3388,#3389,#3390,#3391,#3392),
 .UNSPECIFIED.,.F.,.F.,(4,1,4),(0.,0.0549503294624443,0.137662790906451),
 .UNSPECIFIED.);
#36=B_SPLINE_CURVE_WITH_KNOTS('',3,(#3406,#3407,#3408,#3409,#3410),
 .UNSPECIFIED.,.F.,.F.,(4,1,4),(0.,0.0774958610294666,0.130703125025061),
 .UNSPECIFIED.);
#37=B_SPLINE_CURVE_WITH_KNOTS('',3,(#3435,#3436,#3437,#3438,#3439),
 .UNSPECIFIED.,.F.,.F.,(4,1,4),(0.,0.148049122534126,0.269235896958434),
 .UNSPECIFIED.);
#38=B_SPLINE_CURVE_WITH_KNOTS('',3,(#3456,#3457,#3458,#3459,#3460),
 .UNSPECIFIED.,.F.,.F.,(4,1,4),(0.,0.100544786831706,0.228318067131329),
 .UNSPECIFIED.);
#39=B_SPLINE_CURVE_WITH_KNOTS('',3,(#3473,#3474,#3475,#3476,#3477),
 .UNSPECIFIED.,.F.,.F.,(4,1,4),(0.,0.0818549543786459,0.167072060520981),
 .UNSPECIFIED.);
#40=B_SPLINE_CURVE_WITH_KNOTS('',3,(#3494,#3495,#3496,#3497,#3498),
 .UNSPECIFIED.,.F.,.F.,(4,1,4),(0.,0.0842208029491484,0.157647522848147),
 .UNSPECIFIED.);
#41=B_SPLINE_CURVE_WITH_KNOTS('',3,(#3511,#3512,#3513,#3514,#3515),
 .UNSPECIFIED.,.F.,.F.,(4,1,4),(0.,0.130330229366177,0.233551745351032),
 .UNSPECIFIED.);
#42=(
BOUNDED_CURVE()
B_SPLINE_CURVE(2,(#2951,#2952,#2953),.UNSPECIFIED.,.F.,.F.)
B_SPLINE_CURVE_WITH_KNOTS((3,3),(-0.00427462743399923,0.),.UNSPECIFIED.)
CURVE()
GEOMETRIC_REPRESENTATION_ITEM()
RATIONAL_B_SPLINE_CURVE((1.05645278406789,1.02827638455237,1.))
REPRESENTATION_ITEM('')
);
#43=(
BOUNDED_CURVE()
B_SPLINE_CURVE(2,(#2955,#2956,#2957),.UNSPECIFIED.,.F.,.F.)
B_SPLINE_CURVE_WITH_KNOTS((3,3),(0.00195977913929114,0.0805103500076855),
 .UNSPECIFIED.)
CURVE()
GEOMETRIC_REPRESENTATION_ITEM()
RATIONAL_B_SPLINE_CURVE((1.00003338448214,1.00068573960395,1.))
REPRESENTATION_ITEM('')
);
#44=(
BOUNDED_CURVE()
B_SPLINE_CURVE(2,(#2959,#2960,#2961),.UNSPECIFIED.,.F.,.F.)
B_SPLINE_CURVE_WITH_KNOTS((3,3),(0.0856729548647433,0.0878602156303657),
 .UNSPECIFIED.)
CURVE()
GEOMETRIC_REPRESENTATION_ITEM()
RATIONAL_B_SPLINE_CURVE((1.,1.,1.))
REPRESENTATION_ITEM('')
);
#45=(
BOUNDED_CURVE()
B_SPLINE_CURVE(2,(#2962,#2963,#2964),.UNSPECIFIED.,.F.,.F.)
B_SPLINE_CURVE_WITH_KNOTS((3,3),(10370.1913893949,10428.620046573),
 .UNSPECIFIED.)
CURVE()
GEOMETRIC_REPRESENTATION_ITEM()
RATIONAL_B_SPLINE_CURVE((7476.48175590564,7485.33139428627,7494.04344473789))
REPRESENTATION_ITEM('')
);
#46=(
BOUNDED_CURVE()
B_SPLINE_CURVE(2,(#2971,#2972,#2973),.UNSPECIFIED.,.F.,.F.)
B_SPLINE_CURVE_WITH_KNOTS((3,3),(0.,0.0785505700486719),.UNSPECIFIED.)
CURVE()
GEOMETRIC_REPRESENTATION_ITEM()
RATIONAL_B_SPLINE_CURVE((1.,1.00068573940121,1.00003338408527))
REPRESENTATION_ITEM('')
);
#47=(
BOUNDED_CURVE()
B_SPLINE_CURVE(2,(#2980,#2981,#2982),.UNSPECIFIED.,.F.,.F.)
B_SPLINE_CURVE_WITH_KNOTS((3,3),(-8.56326780842564,-8.51038729626707),
 .UNSPECIFIED.)
CURVE()
GEOMETRIC_REPRESENTATION_ITEM()
RATIONAL_B_SPLINE_CURVE((7.04037571683086,7.03219106816559,7.0238771607424))
REPRESENTATION_ITEM('')
);
#48=(
BOUNDED_CURVE()
B_SPLINE_CURVE(2,(#2983,#2984,#2985),.UNSPECIFIED.,.F.,.F.)
B_SPLINE_CURVE_WITH_KNOTS((3,3),(0.444617128696348,0.446634516745551),
 .UNSPECIFIED.)
CURVE()
GEOMETRIC_REPRESENTATION_ITEM()
RATIONAL_B_SPLINE_CURVE((1.,1.,1.))
REPRESENTATION_ITEM('')
);
#49=(
BOUNDED_CURVE()
B_SPLINE_CURVE(2,(#2987,#2988,#2989),.UNSPECIFIED.,.F.,.F.)
B_SPLINE_CURVE_WITH_KNOTS((3,3),(0.23170573971417,0.273347348473893),
 .UNSPECIFIED.)
CURVE()
GEOMETRIC_REPRESENTATION_ITEM()
RATIONAL_B_SPLINE_CURVE((1.,1.,1.))
REPRESENTATION_ITEM('')
);
#50=(
BOUNDED_CURVE()
B_SPLINE_CURVE(2,(#2991,#2992,#2993),.UNSPECIFIED.,.F.,.F.)
B_SPLINE_CURVE_WITH_KNOTS((3,3),(0.265544550472268,0.307106271620071),
 .UNSPECIFIED.)
CURVE()
GEOMETRIC_REPRESENTATION_ITEM()
RATIONAL_B_SPLINE_CURVE((1.01316978195394,1.01273827744362,1.01184907935206))
REPRESENTATION_ITEM('')
);
#51=(
BOUNDED_CURVE()
B_SPLINE_CURVE(2,(#3132,#3133,#3134),.UNSPECIFIED.,.F.,.F.)
B_SPLINE_CURVE_WITH_KNOTS((3,3),(0.00195975583465383,0.080510325880244),
 .UNSPECIFIED.)
CURVE()
GEOMETRIC_REPRESENTATION_ITEM()
RATIONAL_B_SPLINE_CURVE((1.00003338408491,1.00068573939359,1.))
REPRESENTATION_ITEM('')
);
#52=(
BOUNDED_CURVE()
B_SPLINE_CURVE(2,(#3136,#3137,#3138),.UNSPECIFIED.,.F.,.F.)
B_SPLINE_CURVE_WITH_KNOTS((3,3),(0.0856729547686344,0.0878601895309525),
 .UNSPECIFIED.)
CURVE()
GEOMETRIC_REPRESENTATION_ITEM()
RATIONAL_B_SPLINE_CURVE((1.,1.,1.))
REPRESENTATION_ITEM('')
);
#53=(
BOUNDED_CURVE()
B_SPLINE_CURVE(2,(#3139,#3140,#3141),.UNSPECIFIED.,.F.,.F.)
B_SPLINE_CURVE_WITH_KNOTS((3,3),(-15.3129233824081,-15.2600428702495),
 .UNSPECIFIED.)
CURVE()
GEOMETRIC_REPRESENTATION_ITEM()
RATIONAL_B_SPLINE_CURVE((7.02387716074235,7.03219106816554,7.04037571683081))
REPRESENTATION_ITEM('')
);
#54=(
BOUNDED_CURVE()
B_SPLINE_CURVE(2,(#3176,#3177,#3178),.UNSPECIFIED.,.F.,.F.)
B_SPLINE_CURVE_WITH_KNOTS((3,3),(0.552034274394239,0.553182858150101),
 .UNSPECIFIED.)
CURVE()
GEOMETRIC_REPRESENTATION_ITEM()
RATIONAL_B_SPLINE_CURVE((1.,1.00008156728614,1.0001627951482))
REPRESENTATION_ITEM('')
);
#55=(
BOUNDED_CURVE()
B_SPLINE_CURVE(2,(#3306,#3307,#3308),.UNSPECIFIED.,.F.,.F.)
B_SPLINE_CURVE_WITH_KNOTS((3,3),(0.,0.0734683333523059),.UNSPECIFIED.)
CURVE()
GEOMETRIC_REPRESENTATION_ITEM()
RATIONAL_B_SPLINE_CURVE((1.,1.00019161694216,1.))
REPRESENTATION_ITEM('')
);
#56=(
BOUNDED_CURVE()
B_SPLINE_CURVE(2,(#3310,#3311,#3312),.UNSPECIFIED.,.F.,.F.)
B_SPLINE_CURVE_WITH_KNOTS((3,3),(0.,0.0734683333523053),.UNSPECIFIED.)
CURVE()
GEOMETRIC_REPRESENTATION_ITEM()
RATIONAL_B_SPLINE_CURVE((1.,1.00019161690159,1.))
REPRESENTATION_ITEM('')
);
#57=CONICAL_SURFACE('',#2124,8.75,0.785398163397442);
#58=CONICAL_SURFACE('',#2127,8.75,0.785398163397442);
#59=CONICAL_SURFACE('',#2152,8.75,0.785398163397442);
#60=CONICAL_SURFACE('',#2171,4.25,0.785398163397439);
#61=CONICAL_SURFACE('',#2175,4.25,0.785398163397439);
#62=CONICAL_SURFACE('',#2179,4.25,0.785398163397439);
#63=CONICAL_SURFACE('',#2183,4.25,0.785398163397439);
#64=CONICAL_SURFACE('',#2187,4.25,0.785398163397448);
#65=CONICAL_SURFACE('',#2193,4.25,0.785398163397448);
#66=CONICAL_SURFACE('',#2194,4.25,0.785398163397439);
#67=CONICAL_SURFACE('',#2198,4.25,0.785398163397439);
#68=CONICAL_SURFACE('',#2202,8.75,0.785398163397443);
#69=CONICAL_SURFACE('',#2203,8.75,0.785398163397443);
#70=CONICAL_SURFACE('',#2204,8.75,0.785398163397448);
#71=CONICAL_SURFACE('',#2209,2.75,0.785398163397453);
#72=CONICAL_SURFACE('',#2214,8.75,0.785398163397448);
#73=CONICAL_SURFACE('',#2220,2.75,0.785398163397493);
#74=CONICAL_SURFACE('',#2225,8.75,0.785398163397442);
#75=ELLIPSE('',#2084,15.8391918985788,11.2);
#76=ELLIPSE('',#2085,15.8391918985788,11.2);
#77=ELLIPSE('',#2098,8.48528137423872,6.);
#78=ELLIPSE('',#2111,8.48528137423872,6.);
#79=ELLIPSE('',#2112,8.48528137423872,6.);
#80=ELLIPSE('',#2117,14.5877757043353,9.);
#81=ELLIPSE('',#2150,14.5877757043354,9.);
#82=CYLINDRICAL_SURFACE('',#2083,11.2);
#83=CYLINDRICAL_SURFACE('',#2097,6.);
#84=CYLINDRICAL_SURFACE('',#2100,4.5);
#85=CYLINDRICAL_SURFACE('',#2103,8.5);
#86=CYLINDRICAL_SURFACE('',#2109,6.);
#87=CYLINDRICAL_SURFACE('',#2115,9.);
#88=CYLINDRICAL_SURFACE('',#2128,4.5);
#89=CYLINDRICAL_SURFACE('',#2131,8.5);
#90=CYLINDRICAL_SURFACE('',#2138,6.);
#91=CYLINDRICAL_SURFACE('',#2142,1.45);
#92=CYLINDRICAL_SURFACE('',#2144,5.2);
#93=CYLINDRICAL_SURFACE('',#2146,9.);
#94=CYLINDRICAL_SURFACE('',#2173,4.);
#95=CYLINDRICAL_SURFACE('',#2177,4.);
#96=CYLINDRICAL_SURFACE('',#2181,4.);
#97=CYLINDRICAL_SURFACE('',#2196,4.);
#98=CYLINDRICAL_SURFACE('',#2227,3.);
#99=CYLINDRICAL_SURFACE('',#2242,1.45);
#100=CYLINDRICAL_SURFACE('',#2245,1.45);
#101=CYLINDRICAL_SURFACE('',#2248,1.45);
#102=FACE_BOUND('',#628,.T.);
#103=FACE_BOUND('',#629,.T.);
#104=FACE_BOUND('',#630,.T.);
#105=FACE_BOUND('',#631,.T.);
#106=FACE_BOUND('',#632,.T.);
#107=FACE_BOUND('',#636,.T.);
#108=FACE_BOUND('',#637,.T.);
#109=FACE_BOUND('',#648,.T.);
#110=FACE_BOUND('',#654,.T.);
#111=FACE_BOUND('',#662,.T.);
#112=FACE_BOUND('',#667,.T.);
#113=FACE_BOUND('',#698,.T.);
#114=FACE_BOUND('',#701,.T.);
#115=FACE_BOUND('',#702,.T.);
#116=FACE_BOUND('',#703,.T.);
#117=LINE('',#2811,#312);
#118=LINE('',#2825,#313);
#119=LINE('',#2827,#314);
#120=LINE('',#2829,#315);
#121=LINE('',#2831,#316);
#122=LINE('',#2833,#317);
#123=LINE('',#2835,#318);
#124=LINE('',#2836,#319);
#125=LINE('',#2845,#320);
#126=LINE('',#2849,#321);
#127=LINE('',#2851,#322);
#128=LINE('',#2853,#323);
#129=LINE('',#2855,#324);
#130=LINE('',#2857,#325);
#131=LINE('',#2860,#326);
#132=LINE('',#2866,#327);
#133=LINE('',#2868,#328);
#134=LINE('',#2871,#329);
#135=LINE('',#2872,#330);
#136=LINE('',#2875,#331);
#137=LINE('',#2876,#332);
#138=LINE('',#2878,#333);
#139=LINE('',#2884,#334);
#140=LINE('',#2890,#335);
#141=LINE('',#2897,#336);
#142=LINE('',#2900,#337);
#143=LINE('',#2902,#338);
#144=LINE('',#2903,#339);
#145=LINE('',#2906,#340);
#146=LINE('',#2908,#341);
#147=LINE('',#2912,#342);
#148=LINE('',#2918,#343);
#149=LINE('',#2922,#344);
#150=LINE('',#2923,#345);
#151=LINE('',#2926,#346);
#152=LINE('',#2927,#347);
#153=LINE('',#2934,#348);
#154=LINE('',#2938,#349);
#155=LINE('',#2942,#350);
#156=LINE('',#2947,#351);
#157=LINE('',#2967,#352);
#158=LINE('',#2968,#353);
#159=LINE('',#2975,#354);
#160=LINE('',#2976,#355);
#161=LINE('',#2977,#356);
#162=LINE('',#2994,#357);
#163=LINE('',#2999,#358);
#164=LINE('',#3006,#359);
#165=LINE('',#3009,#360);
#166=LINE('',#3015,#361);
#167=LINE('',#3016,#362);
#168=LINE('',#3018,#363);
#169=LINE('',#3019,#364);
#170=LINE('',#3022,#365);
#171=LINE('',#3024,#366);
#172=LINE('',#3025,#367);
#173=LINE('',#3028,#368);
#174=LINE('',#3029,#369);
#175=LINE('',#3032,#370);
#176=LINE('',#3036,#371);
#177=LINE('',#3038,#372);
#178=LINE('',#3040,#373);
#179=LINE('',#3042,#374);
#180=LINE('',#3046,#375);
#181=LINE('',#3048,#376);
#182=LINE('',#3050,#377);
#183=LINE('',#3052,#378);
#184=LINE('',#3053,#379);
#185=LINE('',#3062,#380);
#186=LINE('',#3076,#381);
#187=LINE('',#3090,#382);
#188=LINE('',#3098,#383);
#189=LINE('',#3100,#384);
#190=LINE('',#3102,#385);
#191=LINE('',#3109,#386);
#192=LINE('',#3112,#387);
#193=LINE('',#3114,#388);
#194=LINE('',#3115,#389);
#195=LINE('',#3119,#390);
#196=LINE('',#3125,#391);
#197=LINE('',#3144,#392);
#198=LINE('',#3145,#393);
#199=LINE('',#3151,#394);
#200=LINE('',#3155,#395);
#201=LINE('',#3157,#396);
#202=LINE('',#3159,#397);
#203=LINE('',#3161,#398);
#204=LINE('',#3163,#399);
#205=LINE('',#3164,#400);
#206=LINE('',#3167,#401);
#207=LINE('',#3169,#402);
#208=LINE('',#3171,#403);
#209=LINE('',#3172,#404);
#210=LINE('',#3175,#405);
#211=LINE('',#3179,#406);
#212=LINE('',#3182,#407);
#213=LINE('',#3184,#408);
#214=LINE('',#3185,#409);
#215=LINE('',#3188,#410);
#216=LINE('',#3189,#411);
#217=LINE('',#3192,#412);
#218=LINE('',#3194,#413);
#219=LINE('',#3196,#414);
#220=LINE('',#3200,#415);
#221=LINE('',#3202,#416);
#222=LINE('',#3203,#417);
#223=LINE('',#3205,#418);
#224=LINE('',#3208,#419);
#225=LINE('',#3209,#420);
#226=LINE('',#3211,#421);
#227=LINE('',#3216,#422);
#228=LINE('',#3218,#423);
#229=LINE('',#3219,#424);
#230=LINE('',#3222,#425);
#231=LINE('',#3224,#426);
#232=LINE('',#3225,#427);
#233=LINE('',#3227,#428);
#234=LINE('',#3231,#429);
#235=LINE('',#3235,#430);
#236=LINE('',#3239,#431);
#237=LINE('',#3243,#432);
#238=LINE('',#3247,#433);
#239=LINE('',#3251,#434);
#240=LINE('',#3254,#435);
#241=LINE('',#3261,#436);
#242=LINE('',#3267,#437);
#243=LINE('',#3271,#438);
#244=LINE('',#3273,#439);
#245=LINE('',#3275,#440);
#246=LINE('',#3276,#441);
#247=LINE('',#3280,#442);
#248=LINE('',#3284,#443);
#249=LINE('',#3288,#444);
#250=LINE('',#3290,#445);
#251=LINE('',#3294,#446);
#252=LINE('',#3296,#447);
#253=LINE('',#3297,#448);
#254=LINE('',#3298,#449);
#255=LINE('',#3300,#450);
#256=LINE('',#3303,#451);
#257=LINE('',#3304,#452);
#258=LINE('',#3314,#453);
#259=LINE('',#3321,#454);
#260=LINE('',#3322,#455);
#261=LINE('',#3323,#456);
#262=LINE('',#3327,#457);
#263=LINE('',#3328,#458);
#264=LINE('',#3331,#459);
#265=LINE('',#3332,#460);
#266=LINE('',#3335,#461);
#267=LINE('',#3338,#462);
#268=LINE('',#3339,#463);
#269=LINE('',#3341,#464);
#270=LINE('',#3343,#465);
#271=LINE('',#3346,#466);
#272=LINE('',#3347,#467);
#273=LINE('',#3351,#468);
#274=LINE('',#3353,#469);
#275=LINE('',#3354,#470);
#276=LINE('',#3357,#471);
#277=LINE('',#3358,#472);
#278=LINE('',#3360,#473);
#279=LINE('',#3366,#474);
#280=LINE('',#3367,#475);
#281=LINE('',#3368,#476);
#282=LINE('',#3370,#477);
#283=LINE('',#3374,#478);
#284=LINE('',#3386,#479);
#285=LINE('',#3393,#480);
#286=LINE('',#3405,#481);
#287=LINE('',#3413,#482);
#288=LINE('',#3414,#483);
#289=LINE('',#3417,#484);
#290=LINE('',#3418,#485);
#291=LINE('',#3421,#486);
#292=LINE('',#3422,#487);
#293=LINE('',#3434,#488);
#294=LINE('',#3442,#489);
#295=LINE('',#3443,#490);
#296=LINE('',#3455,#491);
#297=LINE('',#3472,#492);
#298=LINE('',#3480,#493);
#299=LINE('',#3481,#494);
#300=LINE('',#3493,#495);
#301=LINE('',#3510,#496);
#302=LINE('',#3517,#497);
#303=LINE('',#3521,#498);
#304=LINE('',#3523,#499);
#305=LINE('',#3524,#500);
#306=LINE('',#3526,#501);
#307=LINE('',#3527,#502);
#308=LINE('',#3530,#503);
#309=LINE('',#3536,#504);
#310=LINE('',#3541,#505);
#311=LINE('',#3546,#506);
#312=VECTOR('',#2260,10.);
#313=VECTOR('',#2275,10.);
#314=VECTOR('',#2276,10.);
#315=VECTOR('',#2277,10.);
#316=VECTOR('',#2278,10.);
#317=VECTOR('',#2279,10.);
#318=VECTOR('',#2280,10.);
#319=VECTOR('',#2281,10.);
#320=VECTOR('',#2292,10.);
#321=VECTOR('',#2295,10.);
#322=VECTOR('',#2296,10.);
#323=VECTOR('',#2297,10.);
#324=VECTOR('',#2298,10.);
#325=VECTOR('',#2299,10.);
#326=VECTOR('',#2302,10.);
#327=VECTOR('',#2309,10.);
#328=VECTOR('',#2312,10.);
#329=VECTOR('',#2315,10.);
#330=VECTOR('',#2316,10.);
#331=VECTOR('',#2319,10.);
#332=VECTOR('',#2320,10.);
#333=VECTOR('',#2323,10.);
#334=VECTOR('',#2328,10.);
#335=VECTOR('',#2335,4.5);
#336=VECTOR('',#2342,10.);
#337=VECTOR('',#2345,10.);
#338=VECTOR('',#2348,10.);
#339=VECTOR('',#2349,10.);
#340=VECTOR('',#2352,10.);
#341=VECTOR('',#2353,10.);
#342=VECTOR('',#2358,10.);
#343=VECTOR('',#2363,10.);
#344=VECTOR('',#2368,10.);
#345=VECTOR('',#2369,10.);
#346=VECTOR('',#2372,10.);
#347=VECTOR('',#2373,10.);
#348=VECTOR('',#2380,10.);
#349=VECTOR('',#2383,10.);
#350=VECTOR('',#2386,10.);
#351=VECTOR('',#2393,10.);
#352=VECTOR('',#2400,10.);
#353=VECTOR('',#2401,10.);
#354=VECTOR('',#2404,10.);
#355=VECTOR('',#2405,10.);
#356=VECTOR('',#2406,10.);
#357=VECTOR('',#2409,10.);
#358=VECTOR('',#2414,4.5);
#359=VECTOR('',#2421,10.);
#360=VECTOR('',#2424,10.);
#361=VECTOR('',#2429,10.);
#362=VECTOR('',#2430,10.);
#363=VECTOR('',#2431,10.);
#364=VECTOR('',#2432,10.);
#365=VECTOR('',#2435,10.);
#366=VECTOR('',#2436,10.);
#367=VECTOR('',#2437,10.);
#368=VECTOR('',#2440,10.);
#369=VECTOR('',#2441,10.);
#370=VECTOR('',#2444,10.);
#371=VECTOR('',#2449,10.);
#372=VECTOR('',#2450,10.);
#373=VECTOR('',#2451,10.);
#374=VECTOR('',#2452,10.);
#375=VECTOR('',#2455,10.);
#376=VECTOR('',#2456,10.);
#377=VECTOR('',#2457,10.);
#378=VECTOR('',#2458,10.);
#379=VECTOR('',#2459,10.);
#380=VECTOR('',#2460,10.);
#381=VECTOR('',#2461,10.);
#382=VECTOR('',#2462,10.);
#383=VECTOR('',#2463,10.);
#384=VECTOR('',#2464,10.);
#385=VECTOR('',#2465,10.);
#386=VECTOR('',#2468,1.45);
#387=VECTOR('',#2471,10.);
#388=VECTOR('',#2472,10.);
#389=VECTOR('',#2473,10.);
#390=VECTOR('',#2478,5.2);
#391=VECTOR('',#2485,10.);
#392=VECTOR('',#2496,10.);
#393=VECTOR('',#2497,10.);
#394=VECTOR('',#2500,10.);
#395=VECTOR('',#2503,10.);
#396=VECTOR('',#2504,10.);
#397=VECTOR('',#2505,10.);
#398=VECTOR('',#2506,10.);
#399=VECTOR('',#2507,10.);
#400=VECTOR('',#2508,10.);
#401=VECTOR('',#2511,10.);
#402=VECTOR('',#2512,10.);
#403=VECTOR('',#2513,10.);
#404=VECTOR('',#2514,10.);
#405=VECTOR('',#2517,10.);
#406=VECTOR('',#2518,10.);
#407=VECTOR('',#2521,10.);
#408=VECTOR('',#2522,10.);
#409=VECTOR('',#2523,10.);
#410=VECTOR('',#2526,10.);
#411=VECTOR('',#2527,10.);
#412=VECTOR('',#2530,10.);
#413=VECTOR('',#2531,10.);
#414=VECTOR('',#2532,10.);
#415=VECTOR('',#2535,10.);
#416=VECTOR('',#2536,10.);
#417=VECTOR('',#2537,10.);
#418=VECTOR('',#2540,10.);
#419=VECTOR('',#2545,10.);
#420=VECTOR('',#2546,10.);
#421=VECTOR('',#2549,10.);
#422=VECTOR('',#2556,10.);
#423=VECTOR('',#2557,10.);
#424=VECTOR('',#2558,10.);
#425=VECTOR('',#2561,10.);
#426=VECTOR('',#2562,10.);
#427=VECTOR('',#2563,10.);
#428=VECTOR('',#2566,10.);
#429=VECTOR('',#2571,4.25);
#430=VECTOR('',#2576,4.);
#431=VECTOR('',#2581,4.25);
#432=VECTOR('',#2586,4.);
#433=VECTOR('',#2591,4.25);
#434=VECTOR('',#2596,4.);
#435=VECTOR('',#2599,4.25);
#436=VECTOR('',#2610,4.25);
#437=VECTOR('',#2615,10.);
#438=VECTOR('',#2618,10.);
#439=VECTOR('',#2619,10.);
#440=VECTOR('',#2620,10.);
#441=VECTOR('',#2621,10.);
#442=VECTOR('',#2626,4.25);
#443=VECTOR('',#2631,4.25);
#444=VECTOR('',#2636,4.);
#445=VECTOR('',#2639,4.25);
#446=VECTOR('',#2642,10.);
#447=VECTOR('',#2643,10.);
#448=VECTOR('',#2644,10.);
#449=VECTOR('',#2645,10.);
#450=VECTOR('',#2648,10.);
#451=VECTOR('',#2651,10.);
#452=VECTOR('',#2652,10.);
#453=VECTOR('',#2659,10.);
#454=VECTOR('',#2662,10.);
#455=VECTOR('',#2663,10.);
#456=VECTOR('',#2664,10.);
#457=VECTOR('',#2669,10.);
#458=VECTOR('',#2670,10.);
#459=VECTOR('',#2673,10.);
#460=VECTOR('',#2674,10.);
#461=VECTOR('',#2679,10.);
#462=VECTOR('',#2684,10.);
#463=VECTOR('',#2685,10.);
#464=VECTOR('',#2688,10.);
#465=VECTOR('',#2691,10.);
#466=VECTOR('',#2696,10.);
#467=VECTOR('',#2697,10.);
#468=VECTOR('',#2702,10.);
#469=VECTOR('',#2703,10.);
#470=VECTOR('',#2704,10.);
#471=VECTOR('',#2707,10.);
#472=VECTOR('',#2708,10.);
#473=VECTOR('',#2711,10.);
#474=VECTOR('',#2718,10.);
#475=VECTOR('',#2719,10.);
#476=VECTOR('',#2720,10.);
#477=VECTOR('',#2723,10.);
#478=VECTOR('',#2730,10.);
#479=VECTOR('',#2731,10.);
#480=VECTOR('',#2732,10.);
#481=VECTOR('',#2733,10.);
#482=VECTOR('',#2736,10.);
#483=VECTOR('',#2737,10.);
#484=VECTOR('',#2740,10.);
#485=VECTOR('',#2741,10.);
#486=VECTOR('',#2744,10.);
#487=VECTOR('',#2745,10.);
#488=VECTOR('',#2746,10.);
#489=VECTOR('',#2749,10.);
#490=VECTOR('',#2750,10.);
#491=VECTOR('',#2751,10.);
#492=VECTOR('',#2752,10.);
#493=VECTOR('',#2755,10.);
#494=VECTOR('',#2756,10.);
#495=VECTOR('',#2757,10.);
#496=VECTOR('',#2758,10.);
#497=VECTOR('',#2761,10.);
#498=VECTOR('',#2766,10.);
#499=VECTOR('',#2767,10.);
#500=VECTOR('',#2768,10.);
#501=VECTOR('',#2771,10.);
#502=VECTOR('',#2772,10.);
#503=VECTOR('',#2777,10.);
#504=VECTOR('',#2786,1.45);
#505=VECTOR('',#2793,1.45);
#506=VECTOR('',#2800,1.45);
#507=FACE_OUTER_BOUND('',#626,.T.);
#508=FACE_OUTER_BOUND('',#627,.T.);
#509=FACE_OUTER_BOUND('',#633,.T.);
#510=FACE_OUTER_BOUND('',#634,.T.);
#511=FACE_OUTER_BOUND('',#635,.T.);
#512=FACE_OUTER_BOUND('',#638,.T.);
#513=FACE_OUTER_BOUND('',#639,.T.);
#514=FACE_OUTER_BOUND('',#640,.T.);
#515=FACE_OUTER_BOUND('',#641,.T.);
#516=FACE_OUTER_BOUND('',#642,.T.);
#517=FACE_OUTER_BOUND('',#643,.T.);
#518=FACE_OUTER_BOUND('',#644,.T.);
#519=FACE_OUTER_BOUND('',#645,.T.);
#520=FACE_OUTER_BOUND('',#646,.T.);
#521=FACE_OUTER_BOUND('',#647,.T.);
#522=FACE_OUTER_BOUND('',#649,.T.);
#523=FACE_OUTER_BOUND('',#650,.T.);
#524=FACE_OUTER_BOUND('',#651,.T.);
#525=FACE_OUTER_BOUND('',#652,.T.);
#526=FACE_OUTER_BOUND('',#653,.T.);
#527=FACE_OUTER_BOUND('',#655,.T.);
#528=FACE_OUTER_BOUND('',#656,.T.);
#529=FACE_OUTER_BOUND('',#657,.T.);
#530=FACE_OUTER_BOUND('',#658,.T.);
#531=FACE_OUTER_BOUND('',#659,.T.);
#532=FACE_OUTER_BOUND('',#660,.T.);
#533=FACE_OUTER_BOUND('',#661,.T.);
#534=FACE_OUTER_BOUND('',#663,.T.);
#535=FACE_OUTER_BOUND('',#664,.T.);
#536=FACE_OUTER_BOUND('',#665,.T.);
#537=FACE_OUTER_BOUND('',#666,.T.);
#538=FACE_OUTER_BOUND('',#668,.T.);
#539=FACE_OUTER_BOUND('',#669,.T.);
#540=FACE_OUTER_BOUND('',#670,.T.);
#541=FACE_OUTER_BOUND('',#671,.T.);
#542=FACE_OUTER_BOUND('',#672,.T.);
#543=FACE_OUTER_BOUND('',#673,.T.);
#544=FACE_OUTER_BOUND('',#674,.T.);
#545=FACE_OUTER_BOUND('',#675,.T.);
#546=FACE_OUTER_BOUND('',#676,.T.);
#547=FACE_OUTER_BOUND('',#677,.T.);
#548=FACE_OUTER_BOUND('',#678,.T.);
#549=FACE_OUTER_BOUND('',#679,.T.);
#550=FACE_OUTER_BOUND('',#680,.T.);
#551=FACE_OUTER_BOUND('',#681,.T.);
#552=FACE_OUTER_BOUND('',#682,.T.);
#553=FACE_OUTER_BOUND('',#683,.T.);
#554=FACE_OUTER_BOUND('',#684,.T.);
#555=FACE_OUTER_BOUND('',#685,.T.);
#556=FACE_OUTER_BOUND('',#686,.T.);
#557=FACE_OUTER_BOUND('',#687,.T.);
#558=FACE_OUTER_BOUND('',#688,.T.);
#559=FACE_OUTER_BOUND('',#689,.T.);
#560=FACE_OUTER_BOUND('',#690,.T.);
#561=FACE_OUTER_BOUND('',#691,.T.);
#562=FACE_OUTER_BOUND('',#692,.T.);
#563=FACE_OUTER_BOUND('',#693,.T.);
#564=FACE_OUTER_BOUND('',#694,.T.);
#565=FACE_OUTER_BOUND('',#695,.T.);
#566=FACE_OUTER_BOUND('',#696,.T.);
#567=FACE_OUTER_BOUND('',#697,.T.);
#568=FACE_OUTER_BOUND('',#699,.T.);
#569=FACE_OUTER_BOUND('',#700,.T.);
#570=FACE_OUTER_BOUND('',#704,.T.);
#571=FACE_OUTER_BOUND('',#705,.T.);
#572=FACE_OUTER_BOUND('',#706,.T.);
#573=FACE_OUTER_BOUND('',#707,.T.);
#574=FACE_OUTER_BOUND('',#708,.T.);
#575=FACE_OUTER_BOUND('',#709,.T.);
#576=FACE_OUTER_BOUND('',#710,.T.);
#577=FACE_OUTER_BOUND('',#711,.T.);
#578=FACE_OUTER_BOUND('',#712,.T.);
#579=FACE_OUTER_BOUND('',#713,.T.);
#580=FACE_OUTER_BOUND('',#714,.T.);
#581=FACE_OUTER_BOUND('',#715,.T.);
#582=FACE_OUTER_BOUND('',#716,.T.);
#583=FACE_OUTER_BOUND('',#717,.T.);
#584=FACE_OUTER_BOUND('',#718,.T.);
#585=FACE_OUTER_BOUND('',#719,.T.);
#586=FACE_OUTER_BOUND('',#720,.T.);
#587=FACE_OUTER_BOUND('',#721,.T.);
#588=FACE_OUTER_BOUND('',#722,.T.);
#589=FACE_OUTER_BOUND('',#723,.T.);
#590=FACE_OUTER_BOUND('',#724,.T.);
#591=FACE_OUTER_BOUND('',#725,.T.);
#592=FACE_OUTER_BOUND('',#726,.T.);
#593=FACE_OUTER_BOUND('',#727,.T.);
#594=FACE_OUTER_BOUND('',#728,.T.);
#595=FACE_OUTER_BOUND('',#729,.T.);
#596=FACE_OUTER_BOUND('',#730,.T.);
#597=FACE_OUTER_BOUND('',#731,.T.);
#598=FACE_OUTER_BOUND('',#732,.T.);
#599=FACE_OUTER_BOUND('',#733,.T.);
#600=FACE_OUTER_BOUND('',#734,.T.);
#601=FACE_OUTER_BOUND('',#735,.T.);
#602=FACE_OUTER_BOUND('',#736,.T.);
#603=FACE_OUTER_BOUND('',#737,.T.);
#604=FACE_OUTER_BOUND('',#738,.T.);
#605=FACE_OUTER_BOUND('',#739,.T.);
#606=FACE_OUTER_BOUND('',#740,.T.);
#607=FACE_OUTER_BOUND('',#741,.T.);
#608=FACE_OUTER_BOUND('',#742,.T.);
#609=FACE_OUTER_BOUND('',#743,.T.);
#610=FACE_OUTER_BOUND('',#744,.T.);
#611=FACE_OUTER_BOUND('',#745,.T.);
#612=FACE_OUTER_BOUND('',#746,.T.);
#613=FACE_OUTER_BOUND('',#747,.T.);
#614=FACE_OUTER_BOUND('',#748,.T.);
#615=FACE_OUTER_BOUND('',#749,.T.);
#616=FACE_OUTER_BOUND('',#750,.T.);
#617=FACE_OUTER_BOUND('',#751,.T.);
#618=FACE_OUTER_BOUND('',#752,.T.);
#619=FACE_OUTER_BOUND('',#753,.T.);
#620=FACE_OUTER_BOUND('',#754,.T.);
#621=FACE_OUTER_BOUND('',#755,.T.);
#622=FACE_OUTER_BOUND('',#756,.T.);
#623=FACE_OUTER_BOUND('',#757,.T.);
#624=FACE_OUTER_BOUND('',#758,.T.);
#625=FACE_OUTER_BOUND('',#759,.T.);
#626=EDGE_LOOP('',(#1285));
#627=EDGE_LOOP('',(#1286,#1287));
#628=EDGE_LOOP('',(#1288));
#629=EDGE_LOOP('',(#1289));
#630=EDGE_LOOP('',(#1290));
#631=EDGE_LOOP('',(#1291));
#632=EDGE_LOOP('',(#1292));
#633=EDGE_LOOP('',(#1293,#1294,#1295,#1296,#1297,#1298,#1299,#1300));
#634=EDGE_LOOP('',(#1301,#1302,#1303,#1304,#1305,#1306));
#635=EDGE_LOOP('',(#1307,#1308,#1309,#1310,#1311,#1312,#1313,#1314,#1315,
#1316));
#636=EDGE_LOOP('',(#1317));
#637=EDGE_LOOP('',(#1318));
#638=EDGE_LOOP('',(#1319,#1320,#1321,#1322));
#639=EDGE_LOOP('',(#1323,#1324,#1325,#1326));
#640=EDGE_LOOP('',(#1327,#1328,#1329));
#641=EDGE_LOOP('',(#1330,#1331,#1332,#1333));
#642=EDGE_LOOP('',(#1334,#1335,#1336));
#643=EDGE_LOOP('',(#1337,#1338,#1339));
#644=EDGE_LOOP('',(#1340,#1341,#1342,#1343));
#645=EDGE_LOOP('',(#1344,#1345,#1346,#1347));
#646=EDGE_LOOP('',(#1348,#1349,#1350,#1351));
#647=EDGE_LOOP('',(#1352,#1353,#1354,#1355,#1356,#1357));
#648=EDGE_LOOP('',(#1358));
#649=EDGE_LOOP('',(#1359,#1360,#1361,#1362,#1363,#1364));
#650=EDGE_LOOP('',(#1365,#1366,#1367,#1368));
#651=EDGE_LOOP('',(#1369,#1370,#1371,#1372));
#652=EDGE_LOOP('',(#1373,#1374,#1375,#1376,#1377,#1378,#1379,#1380,#1381));
#653=EDGE_LOOP('',(#1382,#1383,#1384,#1385,#1386));
#654=EDGE_LOOP('',(#1387));
#655=EDGE_LOOP('',(#1388,#1389,#1390,#1391,#1392,#1393));
#656=EDGE_LOOP('',(#1394,#1395,#1396));
#657=EDGE_LOOP('',(#1397,#1398,#1399,#1400,#1401,#1402,#1403,#1404,#1405));
#658=EDGE_LOOP('',(#1406,#1407,#1408,#1409,#1410,#1411,#1412,#1413));
#659=EDGE_LOOP('',(#1414,#1415,#1416,#1417));
#660=EDGE_LOOP('',(#1418,#1419,#1420,#1421));
#661=EDGE_LOOP('',(#1422,#1423,#1424,#1425,#1426,#1427));
#662=EDGE_LOOP('',(#1428));
#663=EDGE_LOOP('',(#1429,#1430,#1431,#1432));
#664=EDGE_LOOP('',(#1433,#1434,#1435,#1436));
#665=EDGE_LOOP('',(#1437,#1438,#1439,#1440));
#666=EDGE_LOOP('',(#1441,#1442,#1443,#1444,#1445,#1446,#1447,#1448,#1449,
#1450,#1451,#1452));
#667=EDGE_LOOP('',(#1453,#1454,#1455,#1456,#1457,#1458,#1459,#1460,#1461,
#1462,#1463,#1464,#1465));
#668=EDGE_LOOP('',(#1466,#1467,#1468,#1469));
#669=EDGE_LOOP('',(#1470,#1471,#1472,#1473));
#670=EDGE_LOOP('',(#1474,#1475,#1476,#1477));
#671=EDGE_LOOP('',(#1478,#1479,#1480,#1481,#1482,#1483,#1484,#1485,#1486));
#672=EDGE_LOOP('',(#1487,#1488,#1489,#1490,#1491,#1492));
#673=EDGE_LOOP('',(#1493,#1494,#1495));
#674=EDGE_LOOP('',(#1496,#1497,#1498,#1499,#1500,#1501,#1502));
#675=EDGE_LOOP('',(#1503,#1504,#1505,#1506,#1507,#1508));
#676=EDGE_LOOP('',(#1509,#1510,#1511,#1512,#1513));
#677=EDGE_LOOP('',(#1514,#1515,#1516,#1517,#1518,#1519));
#678=EDGE_LOOP('',(#1520,#1521,#1522,#1523));
#679=EDGE_LOOP('',(#1524,#1525,#1526,#1527,#1528,#1529,#1530));
#680=EDGE_LOOP('',(#1531,#1532,#1533,#1534,#1535,#1536,#1537,#1538,#1539));
#681=EDGE_LOOP('',(#1540,#1541,#1542));
#682=EDGE_LOOP('',(#1543,#1544,#1545));
#683=EDGE_LOOP('',(#1546,#1547,#1548));
#684=EDGE_LOOP('',(#1549,#1550,#1551,#1552));
#685=EDGE_LOOP('',(#1553,#1554,#1555,#1556,#1557));
#686=EDGE_LOOP('',(#1558,#1559,#1560));
#687=EDGE_LOOP('',(#1561,#1562,#1563,#1564,#1565,#1566,#1567));
#688=EDGE_LOOP('',(#1568,#1569,#1570,#1571));
#689=EDGE_LOOP('',(#1572,#1573,#1574,#1575));
#690=EDGE_LOOP('',(#1576,#1577,#1578,#1579));
#691=EDGE_LOOP('',(#1580,#1581,#1582,#1583));
#692=EDGE_LOOP('',(#1584,#1585,#1586,#1587));
#693=EDGE_LOOP('',(#1588,#1589,#1590,#1591));
#694=EDGE_LOOP('',(#1592,#1593,#1594,#1595));
#695=EDGE_LOOP('',(#1596,#1597,#1598,#1599));
#696=EDGE_LOOP('',(#1600,#1601,#1602,#1603));
#697=EDGE_LOOP('',(#1604,#1605,#1606,#1607,#1608,#1609));
#698=EDGE_LOOP('',(#1610));
#699=EDGE_LOOP('',(#1611,#1612,#1613,#1614));
#700=EDGE_LOOP('',(#1615,#1616,#1617,#1618,#1619,#1620,#1621));
#701=EDGE_LOOP('',(#1622));
#702=EDGE_LOOP('',(#1623));
#703=EDGE_LOOP('',(#1624));
#704=EDGE_LOOP('',(#1625,#1626,#1627,#1628));
#705=EDGE_LOOP('',(#1629,#1630,#1631,#1632));
#706=EDGE_LOOP('',(#1633,#1634,#1635,#1636));
#707=EDGE_LOOP('',(#1637,#1638,#1639,#1640));
#708=EDGE_LOOP('',(#1641,#1642,#1643,#1644));
#709=EDGE_LOOP('',(#1645,#1646,#1647,#1648));
#710=EDGE_LOOP('',(#1649,#1650,#1651,#1652,#1653));
#711=EDGE_LOOP('',(#1654,#1655,#1656,#1657));
#712=EDGE_LOOP('',(#1658,#1659,#1660,#1661));
#713=EDGE_LOOP('',(#1662,#1663,#1664,#1665));
#714=EDGE_LOOP('',(#1666,#1667,#1668));
#715=EDGE_LOOP('',(#1669,#1670,#1671,#1672));
#716=EDGE_LOOP('',(#1673,#1674,#1675,#1676));
#717=EDGE_LOOP('',(#1677,#1678,#1679,#1680));
#718=EDGE_LOOP('',(#1681,#1682,#1683,#1684));
#719=EDGE_LOOP('',(#1685,#1686,#1687,#1688,#1689,#1690,#1691));
#720=EDGE_LOOP('',(#1692,#1693,#1694,#1695));
#721=EDGE_LOOP('',(#1696,#1697,#1698,#1699));
#722=EDGE_LOOP('',(#1700,#1701,#1702,#1703));
#723=EDGE_LOOP('',(#1704,#1705,#1706,#1707));
#724=EDGE_LOOP('',(#1708,#1709,#1710));
#725=EDGE_LOOP('',(#1711,#1712,#1713,#1714,#1715,#1716));
#726=EDGE_LOOP('',(#1717,#1718,#1719));
#727=EDGE_LOOP('',(#1720,#1721,#1722,#1723));
#728=EDGE_LOOP('',(#1724,#1725,#1726,#1727));
#729=EDGE_LOOP('',(#1728,#1729,#1730,#1731,#1732,#1733,#1734,#1735));
#730=EDGE_LOOP('',(#1736,#1737,#1738,#1739));
#731=EDGE_LOOP('',(#1740,#1741,#1742,#1743));
#732=EDGE_LOOP('',(#1744,#1745,#1746,#1747));
#733=EDGE_LOOP('',(#1748,#1749,#1750));
#734=EDGE_LOOP('',(#1751,#1752,#1753,#1754));
#735=EDGE_LOOP('',(#1755,#1756,#1757,#1758));
#736=EDGE_LOOP('',(#1759,#1760,#1761,#1762));
#737=EDGE_LOOP('',(#1763,#1764,#1765,#1766));
#738=EDGE_LOOP('',(#1767,#1768,#1769,#1770));
#739=EDGE_LOOP('',(#1771,#1772,#1773,#1774));
#740=EDGE_LOOP('',(#1775,#1776,#1777,#1778));
#741=EDGE_LOOP('',(#1779,#1780,#1781,#1782));
#742=EDGE_LOOP('',(#1783,#1784,#1785,#1786));
#743=EDGE_LOOP('',(#1787,#1788,#1789,#1790));
#744=EDGE_LOOP('',(#1791,#1792,#1793,#1794));
#745=EDGE_LOOP('',(#1795,#1796,#1797,#1798));
#746=EDGE_LOOP('',(#1799,#1800,#1801,#1802));
#747=EDGE_LOOP('',(#1803,#1804,#1805,#1806));
#748=EDGE_LOOP('',(#1807,#1808,#1809,#1810,#1811,#1812,#1813,#1814,#1815,
#1816,#1817,#1818,#1819));
#749=EDGE_LOOP('',(#1820,#1821,#1822,#1823,#1824,#1825,#1826,#1827));
#750=EDGE_LOOP('',(#1828,#1829,#1830,#1831,#1832,#1833,#1834));
#751=EDGE_LOOP('',(#1835,#1836,#1837,#1838,#1839,#1840));
#752=EDGE_LOOP('',(#1841,#1842,#1843,#1844,#1845));
#753=EDGE_LOOP('',(#1846,#1847,#1848,#1849));
#754=EDGE_LOOP('',(#1850));
#755=EDGE_LOOP('',(#1851,#1852,#1853,#1854));
#756=EDGE_LOOP('',(#1855));
#757=EDGE_LOOP('',(#1856,#1857,#1858,#1859));
#758=EDGE_LOOP('',(#1860));
#759=EDGE_LOOP('',(#1861,#1862,#1863,#1864));
#760=CIRCLE('',#2074,1.45);
#761=CIRCLE('',#2076,11.2);
#762=CIRCLE('',#2077,1.45);
#763=CIRCLE('',#2078,1.45);
#764=CIRCLE('',#2079,1.45);
#765=CIRCLE('',#2080,1.45);
#766=CIRCLE('',#2081,5.2);
#767=CIRCLE('',#2086,11.2);
#768=CIRCLE('',#2088,8.5);
#769=CIRCLE('',#2089,8.5);
#770=CIRCLE('',#2090,4.5);
#771=CIRCLE('',#2091,4.5);
#772=CIRCLE('',#2099,6.);
#773=CIRCLE('',#2101,4.5);
#774=CIRCLE('',#2102,4.5);
#775=CIRCLE('',#2104,8.5);
#776=CIRCLE('',#2105,8.5);
#777=CIRCLE('',#2108,6.);
#778=CIRCLE('',#2110,6.);
#779=CIRCLE('',#2116,9.);
#780=CIRCLE('',#2118,9.);
#781=CIRCLE('',#2119,9.);
#782=CIRCLE('',#2120,9.);
#783=CIRCLE('',#2122,8.5);
#784=CIRCLE('',#2123,4.5);
#785=CIRCLE('',#2129,4.5);
#786=CIRCLE('',#2130,4.5);
#787=CIRCLE('',#2132,8.5);
#788=CIRCLE('',#2133,8.5);
#789=CIRCLE('',#2135,6.);
#790=CIRCLE('',#2139,6.);
#791=CIRCLE('',#2141,2.5);
#792=CIRCLE('',#2145,5.2);
#793=CIRCLE('',#2147,9.);
#794=CIRCLE('',#2148,9.);
#795=CIRCLE('',#2149,9.);
#796=CIRCLE('',#2151,9.);
#797=CIRCLE('',#2161,2.5);
#798=CIRCLE('',#2172,4.);
#799=CIRCLE('',#2174,4.);
#800=CIRCLE('',#2176,4.);
#801=CIRCLE('',#2178,4.);
#802=CIRCLE('',#2180,4.);
#803=CIRCLE('',#2182,4.);
#804=CIRCLE('',#2184,4.5);
#805=CIRCLE('',#2186,8.5);
#806=CIRCLE('',#2188,4.5);
#807=CIRCLE('',#2190,8.5);
#808=CIRCLE('',#2191,8.5);
#809=CIRCLE('',#2192,4.5);
#810=CIRCLE('',#2195,4.);
#811=CIRCLE('',#2197,4.);
#812=CIRCLE('',#2210,3.);
#813=CIRCLE('',#2221,3.);
#814=CIRCLE('',#2241,1.45);
#815=CIRCLE('',#2244,1.45);
#816=CIRCLE('',#2247,1.45);
#817=VERTEX_POINT('',#2806);
#818=VERTEX_POINT('',#2809);
#819=VERTEX_POINT('',#2810);
#820=VERTEX_POINT('',#2813);
#821=VERTEX_POINT('',#2815);
#822=VERTEX_POINT('',#2817);
#823=VERTEX_POINT('',#2819);
#824=VERTEX_POINT('',#2821);
#825=VERTEX_POINT('',#2824);
#826=VERTEX_POINT('',#2826);
#827=VERTEX_POINT('',#2828);
#828=VERTEX_POINT('',#2830);
#829=VERTEX_POINT('',#2832);
#830=VERTEX_POINT('',#2834);
#831=VERTEX_POINT('',#2838);
#832=VERTEX_POINT('',#2840);
#833=VERTEX_POINT('',#2844);
#834=VERTEX_POINT('',#2846);
#835=VERTEX_POINT('',#2848);
#836=VERTEX_POINT('',#2850);
#837=VERTEX_POINT('',#2852);
#838=VERTEX_POINT('',#2854);
#839=VERTEX_POINT('',#2856);
#840=VERTEX_POINT('',#2858);
#841=VERTEX_POINT('',#2861);
#842=VERTEX_POINT('',#2863);
#843=VERTEX_POINT('',#2870);
#844=VERTEX_POINT('',#2874);
#845=VERTEX_POINT('',#2880);
#846=VERTEX_POINT('',#2881);
#847=VERTEX_POINT('',#2883);
#848=VERTEX_POINT('',#2887);
#849=VERTEX_POINT('',#2889);
#850=VERTEX_POINT('',#2893);
#851=VERTEX_POINT('',#2894);
#852=VERTEX_POINT('',#2896);
#853=VERTEX_POINT('',#2898);
#854=VERTEX_POINT('',#2905);
#855=VERTEX_POINT('',#2907);
#856=VERTEX_POINT('',#2911);
#857=VERTEX_POINT('',#2913);
#858=VERTEX_POINT('',#2915);
#859=VERTEX_POINT('',#2917);
#860=VERTEX_POINT('',#2921);
#861=VERTEX_POINT('',#2925);
#862=VERTEX_POINT('',#2929);
#863=VERTEX_POINT('',#2931);
#864=VERTEX_POINT('',#2933);
#865=VERTEX_POINT('',#2935);
#866=VERTEX_POINT('',#2937);
#867=VERTEX_POINT('',#2939);
#868=VERTEX_POINT('',#2941);
#869=VERTEX_POINT('',#2945);
#870=VERTEX_POINT('',#2948);
#871=VERTEX_POINT('',#2954);
#872=VERTEX_POINT('',#2958);
#873=VERTEX_POINT('',#2966);
#874=VERTEX_POINT('',#2970);
#875=VERTEX_POINT('',#2974);
#876=VERTEX_POINT('',#2979);
#877=VERTEX_POINT('',#2986);
#878=VERTEX_POINT('',#2990);
#879=VERTEX_POINT('',#2996);
#880=VERTEX_POINT('',#2998);
#881=VERTEX_POINT('',#3002);
#882=VERTEX_POINT('',#3003);
#883=VERTEX_POINT('',#3005);
#884=VERTEX_POINT('',#3007);
#885=VERTEX_POINT('',#3011);
#886=VERTEX_POINT('',#3012);
#887=VERTEX_POINT('',#3014);
#888=VERTEX_POINT('',#3017);
#889=VERTEX_POINT('',#3021);
#890=VERTEX_POINT('',#3023);
#891=VERTEX_POINT('',#3027);
#892=VERTEX_POINT('',#3031);
#893=VERTEX_POINT('',#3035);
#894=VERTEX_POINT('',#3037);
#895=VERTEX_POINT('',#3039);
#896=VERTEX_POINT('',#3041);
#897=VERTEX_POINT('',#3043);
#898=VERTEX_POINT('',#3045);
#899=VERTEX_POINT('',#3047);
#900=VERTEX_POINT('',#3049);
#901=VERTEX_POINT('',#3051);
#902=VERTEX_POINT('',#3054);
#903=VERTEX_POINT('',#3055);
#904=VERTEX_POINT('',#3061);
#905=VERTEX_POINT('',#3063);
#906=VERTEX_POINT('',#3069);
#907=VERTEX_POINT('',#3075);
#908=VERTEX_POINT('',#3077);
#909=VERTEX_POINT('',#3083);
#910=VERTEX_POINT('',#3089);
#911=VERTEX_POINT('',#3091);
#912=VERTEX_POINT('',#3097);
#913=VERTEX_POINT('',#3099);
#914=VERTEX_POINT('',#3101);
#915=VERTEX_POINT('',#3111);
#916=VERTEX_POINT('',#3113);
#917=VERTEX_POINT('',#3117);
#918=VERTEX_POINT('',#3122);
#919=VERTEX_POINT('',#3124);
#920=VERTEX_POINT('',#3127);
#921=VERTEX_POINT('',#3131);
#922=VERTEX_POINT('',#3135);
#923=VERTEX_POINT('',#3143);
#924=VERTEX_POINT('',#3153);
#925=VERTEX_POINT('',#3154);
#926=VERTEX_POINT('',#3156);
#927=VERTEX_POINT('',#3158);
#928=VERTEX_POINT('',#3160);
#929=VERTEX_POINT('',#3162);
#930=VERTEX_POINT('',#3166);
#931=VERTEX_POINT('',#3168);
#932=VERTEX_POINT('',#3170);
#933=VERTEX_POINT('',#3174);
#934=VERTEX_POINT('',#3181);
#935=VERTEX_POINT('',#3183);
#936=VERTEX_POINT('',#3187);
#937=VERTEX_POINT('',#3191);
#938=VERTEX_POINT('',#3193);
#939=VERTEX_POINT('',#3195);
#940=VERTEX_POINT('',#3197);
#941=VERTEX_POINT('',#3199);
#942=VERTEX_POINT('',#3201);
#943=VERTEX_POINT('',#3215);
#944=VERTEX_POINT('',#3217);
#945=VERTEX_POINT('',#3221);
#946=VERTEX_POINT('',#3223);
#947=VERTEX_POINT('',#3229);
#948=VERTEX_POINT('',#3233);
#949=VERTEX_POINT('',#3237);
#950=VERTEX_POINT('',#3241);
#951=VERTEX_POINT('',#3245);
#952=VERTEX_POINT('',#3249);
#953=VERTEX_POINT('',#3253);
#954=VERTEX_POINT('',#3259);
#955=VERTEX_POINT('',#3263);
#956=VERTEX_POINT('',#3264);
#957=VERTEX_POINT('',#3266);
#958=VERTEX_POINT('',#3268);
#959=VERTEX_POINT('',#3270);
#960=VERTEX_POINT('',#3272);
#961=VERTEX_POINT('',#3274);
#962=VERTEX_POINT('',#3277);
#963=VERTEX_POINT('',#3282);
#964=VERTEX_POINT('',#3286);
#965=VERTEX_POINT('',#3292);
#966=VERTEX_POINT('',#3293);
#967=VERTEX_POINT('',#3295);
#968=VERTEX_POINT('',#3302);
#969=VERTEX_POINT('',#3320);
#970=VERTEX_POINT('',#3326);
#971=VERTEX_POINT('',#3330);
#972=VERTEX_POINT('',#3350);
#973=VERTEX_POINT('',#3352);
#974=VERTEX_POINT('',#3356);
#975=VERTEX_POINT('',#3364);
#976=VERTEX_POINT('',#3365);
#977=VERTEX_POINT('',#3385);
#978=VERTEX_POINT('',#3387);
#979=VERTEX_POINT('',#3404);
#980=VERTEX_POINT('',#3412);
#981=VERTEX_POINT('',#3416);
#982=VERTEX_POINT('',#3420);
#983=VERTEX_POINT('',#3433);
#984=VERTEX_POINT('',#3441);
#985=VERTEX_POINT('',#3454);
#986=VERTEX_POINT('',#3471);
#987=VERTEX_POINT('',#3479);
#988=VERTEX_POINT('',#3492);
#989=VERTEX_POINT('',#3509);
#990=VERTEX_POINT('',#3520);
#991=VERTEX_POINT('',#3522);
#992=VERTEX_POINT('',#3533);
#993=VERTEX_POINT('',#3538);
#994=VERTEX_POINT('',#3543);
#995=EDGE_CURVE('',#817,#817,#760,.T.);
#996=EDGE_CURVE('',#818,#819,#117,.T.);
#997=EDGE_CURVE('',#819,#818,#761,.T.);
#998=EDGE_CURVE('',#820,#820,#762,.T.);
#999=EDGE_CURVE('',#821,#821,#763,.T.);
#1000=EDGE_CURVE('',#822,#822,#764,.T.);
#1001=EDGE_CURVE('',#823,#823,#765,.T.);
#1002=EDGE_CURVE('',#824,#824,#766,.T.);
#1003=EDGE_CURVE('',#825,#818,#118,.T.);
#1004=EDGE_CURVE('',#819,#826,#119,.T.);
#1005=EDGE_CURVE('',#827,#826,#120,.T.);
#1006=EDGE_CURVE('',#827,#828,#121,.T.);
#1007=EDGE_CURVE('',#829,#828,#122,.T.);
#1008=EDGE_CURVE('',#830,#829,#123,.T.);
#1009=EDGE_CURVE('',#825,#830,#124,.T.);
#1010=EDGE_CURVE('',#826,#831,#75,.T.);
#1011=EDGE_CURVE('',#832,#825,#76,.T.);
#1012=EDGE_CURVE('',#831,#832,#767,.T.);
#1013=EDGE_CURVE('',#833,#832,#125,.T.);
#1014=EDGE_CURVE('',#834,#833,#768,.T.);
#1015=EDGE_CURVE('',#835,#834,#126,.T.);
#1016=EDGE_CURVE('',#836,#835,#127,.T.);
#1017=EDGE_CURVE('',#837,#836,#128,.T.);
#1018=EDGE_CURVE('',#838,#837,#129,.T.);
#1019=EDGE_CURVE('',#839,#838,#130,.T.);
#1020=EDGE_CURVE('',#840,#839,#769,.T.);
#1021=EDGE_CURVE('',#831,#840,#131,.T.);
#1022=EDGE_CURVE('',#841,#841,#770,.T.);
#1023=EDGE_CURVE('',#842,#842,#771,.T.);
#1024=EDGE_CURVE('',#833,#830,#132,.T.);
#1025=EDGE_CURVE('',#840,#827,#133,.T.);
#1026=EDGE_CURVE('',#837,#843,#134,.T.);
#1027=EDGE_CURVE('',#838,#843,#135,.T.);
#1028=EDGE_CURVE('',#844,#836,#136,.T.);
#1029=EDGE_CURVE('',#843,#844,#137,.T.);
#1030=EDGE_CURVE('',#844,#835,#138,.T.);
#1031=EDGE_CURVE('',#845,#846,#77,.T.);
#1032=EDGE_CURVE('',#845,#847,#139,.T.);
#1033=EDGE_CURVE('',#846,#847,#772,.T.);
#1034=EDGE_CURVE('',#848,#848,#773,.T.);
#1035=EDGE_CURVE('',#848,#849,#140,.T.);
#1036=EDGE_CURVE('',#849,#849,#774,.T.);
#1037=EDGE_CURVE('',#850,#851,#775,.T.);
#1038=EDGE_CURVE('',#852,#850,#141,.T.);
#1039=EDGE_CURVE('',#853,#852,#776,.T.);
#1040=EDGE_CURVE('',#851,#853,#142,.T.);
#1041=EDGE_CURVE('',#851,#845,#143,.T.);
#1042=EDGE_CURVE('',#847,#853,#144,.T.);
#1043=EDGE_CURVE('',#854,#852,#145,.T.);
#1044=EDGE_CURVE('',#855,#854,#146,.T.);
#1045=EDGE_CURVE('',#846,#855,#777,.T.);
#1046=EDGE_CURVE('',#856,#855,#147,.T.);
#1047=EDGE_CURVE('',#856,#857,#778,.T.);
#1048=EDGE_CURVE('',#858,#857,#78,.T.);
#1049=EDGE_CURVE('',#859,#858,#148,.T.);
#1050=EDGE_CURVE('',#846,#859,#79,.T.);
#1051=EDGE_CURVE('',#854,#860,#149,.T.);
#1052=EDGE_CURVE('',#860,#856,#150,.T.);
#1053=EDGE_CURVE('',#861,#852,#151,.T.);
#1054=EDGE_CURVE('',#861,#860,#152,.T.);
#1055=EDGE_CURVE('',#862,#827,#779,.T.);
#1056=EDGE_CURVE('',#863,#862,#80,.T.);
#1057=EDGE_CURVE('',#864,#863,#153,.T.);
#1058=EDGE_CURVE('',#865,#864,#780,.T.);
#1059=EDGE_CURVE('',#866,#865,#154,.T.);
#1060=EDGE_CURVE('',#867,#866,#781,.T.);
#1061=EDGE_CURVE('',#867,#868,#155,.T.);
#1062=EDGE_CURVE('',#828,#868,#782,.T.);
#1063=EDGE_CURVE('',#869,#861,#783,.T.);
#1064=EDGE_CURVE('',#857,#869,#156,.T.);
#1065=EDGE_CURVE('',#870,#870,#784,.T.);
#1066=EDGE_CURVE('',#864,#869,#42,.F.);
#1067=EDGE_CURVE('',#871,#861,#43,.T.);
#1068=EDGE_CURVE('',#871,#872,#44,.T.);
#1069=EDGE_CURVE('',#872,#865,#45,.F.);
#1070=EDGE_CURVE('',#871,#873,#157,.T.);
#1071=EDGE_CURVE('',#873,#872,#158,.T.);
#1072=EDGE_CURVE('',#850,#874,#46,.T.);
#1073=EDGE_CURVE('',#875,#874,#159,.T.);
#1074=EDGE_CURVE('',#875,#866,#160,.T.);
#1075=EDGE_CURVE('',#865,#873,#161,.T.);
#1076=EDGE_CURVE('',#866,#876,#47,.F.);
#1077=EDGE_CURVE('',#874,#876,#48,.T.);
#1078=EDGE_CURVE('',#877,#851,#49,.T.);
#1079=EDGE_CURVE('',#877,#878,#50,.T.);
#1080=EDGE_CURVE('',#878,#867,#162,.T.);
#1081=EDGE_CURVE('',#879,#879,#785,.T.);
#1082=EDGE_CURVE('',#879,#880,#163,.T.);
#1083=EDGE_CURVE('',#880,#880,#786,.T.);
#1084=EDGE_CURVE('',#881,#882,#787,.T.);
#1085=EDGE_CURVE('',#883,#881,#164,.T.);
#1086=EDGE_CURVE('',#884,#883,#788,.T.);
#1087=EDGE_CURVE('',#882,#884,#165,.T.);
#1088=EDGE_CURVE('',#885,#886,#789,.T.);
#1089=EDGE_CURVE('',#887,#885,#166,.T.);
#1090=EDGE_CURVE('',#884,#887,#167,.T.);
#1091=EDGE_CURVE('',#888,#883,#168,.T.);
#1092=EDGE_CURVE('',#886,#888,#169,.T.);
#1093=EDGE_CURVE('',#889,#887,#170,.T.);
#1094=EDGE_CURVE('',#889,#890,#171,.T.);
#1095=EDGE_CURVE('',#884,#890,#172,.T.);
#1096=EDGE_CURVE('',#885,#891,#173,.T.);
#1097=EDGE_CURVE('',#891,#889,#174,.F.);
#1098=EDGE_CURVE('',#892,#886,#175,.T.);
#1099=EDGE_CURVE('',#892,#891,#790,.T.);
#1100=EDGE_CURVE('',#893,#881,#176,.F.);
#1101=EDGE_CURVE('',#893,#894,#177,.T.);
#1102=EDGE_CURVE('',#895,#894,#178,.T.);
#1103=EDGE_CURVE('',#896,#895,#179,.T.);
#1104=EDGE_CURVE('',#897,#896,#791,.T.);
#1105=EDGE_CURVE('',#898,#897,#180,.T.);
#1106=EDGE_CURVE('',#898,#899,#181,.T.);
#1107=EDGE_CURVE('',#900,#899,#182,.F.);
#1108=EDGE_CURVE('',#900,#901,#183,.T.);
#1109=EDGE_CURVE('',#888,#901,#184,.T.);
#1110=EDGE_CURVE('',#902,#903,#26,.T.);
#1111=EDGE_CURVE('',#903,#904,#185,.T.);
#1112=EDGE_CURVE('',#904,#905,#27,.T.);
#1113=EDGE_CURVE('',#905,#906,#28,.T.);
#1114=EDGE_CURVE('',#906,#907,#186,.T.);
#1115=EDGE_CURVE('',#907,#908,#29,.T.);
#1116=EDGE_CURVE('',#908,#909,#30,.T.);
#1117=EDGE_CURVE('',#909,#910,#187,.T.);
#1118=EDGE_CURVE('',#910,#911,#31,.T.);
#1119=EDGE_CURVE('',#911,#912,#188,.T.);
#1120=EDGE_CURVE('',#912,#913,#189,.T.);
#1121=EDGE_CURVE('',#913,#914,#190,.T.);
#1122=EDGE_CURVE('',#914,#902,#32,.T.);
#1123=EDGE_CURVE('',#823,#817,#191,.T.);
#1124=EDGE_CURVE('',#915,#844,#192,.T.);
#1125=EDGE_CURVE('',#916,#915,#193,.T.);
#1126=EDGE_CURVE('',#843,#916,#194,.T.);
#1127=EDGE_CURVE('',#917,#917,#792,.T.);
#1128=EDGE_CURVE('',#917,#824,#195,.T.);
#1129=EDGE_CURVE('',#894,#829,#793,.T.);
#1130=EDGE_CURVE('',#918,#893,#794,.T.);
#1131=EDGE_CURVE('',#919,#918,#196,.T.);
#1132=EDGE_CURVE('',#899,#919,#795,.T.);
#1133=EDGE_CURVE('',#898,#920,#81,.T.);
#1134=EDGE_CURVE('',#830,#920,#796,.T.);
#1135=EDGE_CURVE('',#921,#882,#51,.T.);
#1136=EDGE_CURVE('',#921,#922,#52,.T.);
#1137=EDGE_CURVE('',#922,#918,#53,.F.);
#1138=EDGE_CURVE('',#921,#923,#197,.T.);
#1139=EDGE_CURVE('',#923,#922,#198,.T.);
#1140=EDGE_CURVE('',#919,#890,#33,.T.);
#1141=EDGE_CURVE('',#918,#923,#199,.T.);
#1142=EDGE_CURVE('',#924,#925,#200,.T.);
#1143=EDGE_CURVE('',#926,#925,#201,.T.);
#1144=EDGE_CURVE('',#926,#927,#202,.T.);
#1145=EDGE_CURVE('',#927,#928,#203,.F.);
#1146=EDGE_CURVE('',#928,#929,#204,.T.);
#1147=EDGE_CURVE('',#929,#924,#205,.T.);
#1148=EDGE_CURVE('',#930,#924,#206,.F.);
#1149=EDGE_CURVE('',#931,#930,#207,.F.);
#1150=EDGE_CURVE('',#931,#932,#208,.T.);
#1151=EDGE_CURVE('',#932,#925,#209,.T.);
#1152=EDGE_CURVE('',#929,#933,#210,.T.);
#1153=EDGE_CURVE('',#867,#933,#54,.T.);
#1154=EDGE_CURVE('',#930,#878,#211,.T.);
#1155=EDGE_CURVE('',#934,#859,#212,.F.);
#1156=EDGE_CURVE('',#858,#935,#213,.F.);
#1157=EDGE_CURVE('',#935,#934,#214,.T.);
#1158=EDGE_CURVE('',#934,#936,#215,.T.);
#1159=EDGE_CURVE('',#936,#877,#216,.T.);
#1160=EDGE_CURVE('',#937,#935,#217,.T.);
#1161=EDGE_CURVE('',#938,#937,#218,.T.);
#1162=EDGE_CURVE('',#939,#938,#219,.T.);
#1163=EDGE_CURVE('',#940,#939,#797,.T.);
#1164=EDGE_CURVE('',#941,#940,#220,.T.);
#1165=EDGE_CURVE('',#942,#941,#221,.T.);
#1166=EDGE_CURVE('',#936,#942,#222,.T.);
#1167=EDGE_CURVE('',#876,#875,#223,.T.);
#1168=EDGE_CURVE('',#937,#864,#224,.T.);
#1169=EDGE_CURVE('',#869,#937,#225,.T.);
#1170=EDGE_CURVE('',#863,#938,#226,.T.);
#1171=EDGE_CURVE('',#943,#928,#227,.T.);
#1172=EDGE_CURVE('',#944,#943,#228,.T.);
#1173=EDGE_CURVE('',#868,#944,#229,.T.);
#1174=EDGE_CURVE('',#926,#945,#230,.T.);
#1175=EDGE_CURVE('',#945,#946,#231,.F.);
#1176=EDGE_CURVE('',#927,#946,#232,.T.);
#1177=EDGE_CURVE('',#901,#892,#233,.F.);
#1178=EDGE_CURVE('',#947,#947,#798,.T.);
#1179=EDGE_CURVE('',#947,#841,#234,.T.);
#1180=EDGE_CURVE('',#948,#948,#799,.T.);
#1181=EDGE_CURVE('',#948,#947,#235,.T.);
#1182=EDGE_CURVE('',#949,#949,#800,.T.);
#1183=EDGE_CURVE('',#949,#849,#236,.T.);
#1184=EDGE_CURVE('',#950,#950,#801,.T.);
#1185=EDGE_CURVE('',#950,#949,#237,.T.);
#1186=EDGE_CURVE('',#951,#951,#802,.T.);
#1187=EDGE_CURVE('',#951,#880,#238,.T.);
#1188=EDGE_CURVE('',#952,#952,#803,.T.);
#1189=EDGE_CURVE('',#952,#951,#239,.T.);
#1190=EDGE_CURVE('',#948,#953,#240,.T.);
#1191=EDGE_CURVE('',#953,#953,#804,.T.);
#1192=EDGE_CURVE('',#890,#900,#805,.T.);
#1193=EDGE_CURVE('',#954,#954,#806,.T.);
#1194=EDGE_CURVE('',#954,#950,#241,.T.);
#1195=EDGE_CURVE('',#955,#956,#807,.T.);
#1196=EDGE_CURVE('',#957,#955,#242,.T.);
#1197=EDGE_CURVE('',#958,#957,#808,.T.);
#1198=EDGE_CURVE('',#959,#958,#243,.T.);
#1199=EDGE_CURVE('',#960,#959,#244,.T.);
#1200=EDGE_CURVE('',#961,#960,#245,.T.);
#1201=EDGE_CURVE('',#956,#961,#246,.T.);
#1202=EDGE_CURVE('',#962,#962,#809,.T.);
#1203=EDGE_CURVE('',#962,#952,#247,.T.);
#1204=EDGE_CURVE('',#963,#963,#810,.T.);
#1205=EDGE_CURVE('',#963,#842,#248,.T.);
#1206=EDGE_CURVE('',#964,#964,#811,.T.);
#1207=EDGE_CURVE('',#964,#963,#249,.T.);
#1208=EDGE_CURVE('',#964,#870,#250,.T.);
#1209=EDGE_CURVE('',#965,#966,#251,.T.);
#1210=EDGE_CURVE('',#966,#967,#252,.F.);
#1211=EDGE_CURVE('',#967,#943,#253,.T.);
#1212=EDGE_CURVE('',#943,#965,#254,.T.);
#1213=EDGE_CURVE('',#927,#965,#255,.T.);
#1214=EDGE_CURVE('',#946,#968,#256,.F.);
#1215=EDGE_CURVE('',#966,#968,#257,.T.);
#1216=EDGE_CURVE('',#920,#834,#55,.F.);
#1217=EDGE_CURVE('',#839,#862,#56,.F.);
#1218=EDGE_CURVE('',#829,#955,#258,.T.);
#1219=EDGE_CURVE('',#956,#894,#34,.T.);
#1220=EDGE_CURVE('',#895,#969,#259,.T.);
#1221=EDGE_CURVE('',#961,#895,#260,.T.);
#1222=EDGE_CURVE('',#969,#961,#261,.T.);
#1223=EDGE_CURVE('',#970,#969,#262,.T.);
#1224=EDGE_CURVE('',#960,#970,#263,.T.);
#1225=EDGE_CURVE('',#971,#896,#264,.T.);
#1226=EDGE_CURVE('',#969,#971,#265,.T.);
#1227=EDGE_CURVE('',#971,#915,#812,.T.);
#1228=EDGE_CURVE('',#915,#897,#266,.T.);
#1229=EDGE_CURVE('',#944,#970,#267,.T.);
#1230=EDGE_CURVE('',#959,#944,#268,.T.);
#1231=EDGE_CURVE('',#828,#957,#269,.T.);
#1232=EDGE_CURVE('',#868,#958,#270,.T.);
#1233=EDGE_CURVE('',#942,#931,#271,.T.);
#1234=EDGE_CURVE('',#932,#942,#272,.T.);
#1235=EDGE_CURVE('',#941,#972,#273,.T.);
#1236=EDGE_CURVE('',#973,#941,#274,.T.);
#1237=EDGE_CURVE('',#972,#973,#275,.T.);
#1238=EDGE_CURVE('',#940,#974,#276,.T.);
#1239=EDGE_CURVE('',#974,#973,#277,.T.);
#1240=EDGE_CURVE('',#939,#916,#278,.T.);
#1241=EDGE_CURVE('',#916,#974,#813,.T.);
#1242=EDGE_CURVE('',#975,#976,#279,.F.);
#1243=EDGE_CURVE('',#976,#972,#280,.T.);
#1244=EDGE_CURVE('',#973,#975,#281,.T.);
#1245=EDGE_CURVE('',#972,#932,#282,.T.);
#1246=EDGE_CURVE('',#971,#974,#283,.T.);
#1247=EDGE_CURVE('',#902,#977,#284,.T.);
#1248=EDGE_CURVE('',#977,#978,#35,.T.);
#1249=EDGE_CURVE('',#903,#978,#285,.T.);
#1250=EDGE_CURVE('',#914,#979,#286,.T.);
#1251=EDGE_CURVE('',#979,#977,#36,.T.);
#1252=EDGE_CURVE('',#913,#980,#287,.T.);
#1253=EDGE_CURVE('',#980,#979,#288,.T.);
#1254=EDGE_CURVE('',#912,#981,#289,.T.);
#1255=EDGE_CURVE('',#981,#980,#290,.T.);
#1256=EDGE_CURVE('',#911,#982,#291,.T.);
#1257=EDGE_CURVE('',#982,#981,#292,.T.);
#1258=EDGE_CURVE('',#910,#983,#293,.T.);
#1259=EDGE_CURVE('',#983,#982,#37,.T.);
#1260=EDGE_CURVE('',#909,#984,#294,.T.);
#1261=EDGE_CURVE('',#984,#983,#295,.T.);
#1262=EDGE_CURVE('',#908,#985,#296,.T.);
#1263=EDGE_CURVE('',#985,#984,#38,.T.);
#1264=EDGE_CURVE('',#907,#986,#297,.T.);
#1265=EDGE_CURVE('',#986,#985,#39,.T.);
#1266=EDGE_CURVE('',#906,#987,#298,.T.);
#1267=EDGE_CURVE('',#987,#986,#299,.T.);
#1268=EDGE_CURVE('',#905,#988,#300,.T.);
#1269=EDGE_CURVE('',#988,#987,#40,.T.);
#1270=EDGE_CURVE('',#904,#989,#301,.T.);
#1271=EDGE_CURVE('',#989,#988,#41,.T.);
#1272=EDGE_CURVE('',#978,#989,#302,.T.);
#1273=EDGE_CURVE('',#990,#976,#303,.T.);
#1274=EDGE_CURVE('',#990,#991,#304,.T.);
#1275=EDGE_CURVE('',#991,#945,#305,.F.);
#1276=EDGE_CURVE('',#990,#967,#306,.T.);
#1277=EDGE_CURVE('',#970,#975,#307,.T.);
#1278=EDGE_CURVE('',#968,#991,#308,.F.);
#1279=EDGE_CURVE('',#992,#992,#814,.T.);
#1280=EDGE_CURVE('',#822,#992,#309,.T.);
#1281=EDGE_CURVE('',#993,#993,#815,.T.);
#1282=EDGE_CURVE('',#821,#993,#310,.T.);
#1283=EDGE_CURVE('',#994,#994,#816,.T.);
#1284=EDGE_CURVE('',#820,#994,#311,.T.);
#1285=ORIENTED_EDGE('',*,*,#995,.F.);
#1286=ORIENTED_EDGE('',*,*,#996,.F.);
#1287=ORIENTED_EDGE('',*,*,#997,.F.);
#1288=ORIENTED_EDGE('',*,*,#998,.F.);
#1289=ORIENTED_EDGE('',*,*,#999,.F.);
#1290=ORIENTED_EDGE('',*,*,#1000,.F.);
#1291=ORIENTED_EDGE('',*,*,#1001,.F.);
#1292=ORIENTED_EDGE('',*,*,#1002,.F.);
#1293=ORIENTED_EDGE('',*,*,#1003,.T.);
#1294=ORIENTED_EDGE('',*,*,#996,.T.);
#1295=ORIENTED_EDGE('',*,*,#1004,.T.);
#1296=ORIENTED_EDGE('',*,*,#1005,.F.);
#1297=ORIENTED_EDGE('',*,*,#1006,.T.);
#1298=ORIENTED_EDGE('',*,*,#1007,.F.);
#1299=ORIENTED_EDGE('',*,*,#1008,.F.);
#1300=ORIENTED_EDGE('',*,*,#1009,.F.);
#1301=ORIENTED_EDGE('',*,*,#1010,.F.);
#1302=ORIENTED_EDGE('',*,*,#1004,.F.);
#1303=ORIENTED_EDGE('',*,*,#997,.T.);
#1304=ORIENTED_EDGE('',*,*,#1003,.F.);
#1305=ORIENTED_EDGE('',*,*,#1011,.F.);
#1306=ORIENTED_EDGE('',*,*,#1012,.F.);
#1307=ORIENTED_EDGE('',*,*,#1012,.T.);
#1308=ORIENTED_EDGE('',*,*,#1013,.F.);
#1309=ORIENTED_EDGE('',*,*,#1014,.F.);
#1310=ORIENTED_EDGE('',*,*,#1015,.F.);
#1311=ORIENTED_EDGE('',*,*,#1016,.F.);
#1312=ORIENTED_EDGE('',*,*,#1017,.F.);
#1313=ORIENTED_EDGE('',*,*,#1018,.F.);
#1314=ORIENTED_EDGE('',*,*,#1019,.F.);
#1315=ORIENTED_EDGE('',*,*,#1020,.F.);
#1316=ORIENTED_EDGE('',*,*,#1021,.F.);
#1317=ORIENTED_EDGE('',*,*,#1022,.F.);
#1318=ORIENTED_EDGE('',*,*,#1023,.F.);
#1319=ORIENTED_EDGE('',*,*,#1011,.T.);
#1320=ORIENTED_EDGE('',*,*,#1009,.T.);
#1321=ORIENTED_EDGE('',*,*,#1024,.F.);
#1322=ORIENTED_EDGE('',*,*,#1013,.T.);
#1323=ORIENTED_EDGE('',*,*,#1010,.T.);
#1324=ORIENTED_EDGE('',*,*,#1021,.T.);
#1325=ORIENTED_EDGE('',*,*,#1025,.T.);
#1326=ORIENTED_EDGE('',*,*,#1005,.T.);
#1327=ORIENTED_EDGE('',*,*,#1018,.T.);
#1328=ORIENTED_EDGE('',*,*,#1026,.T.);
#1329=ORIENTED_EDGE('',*,*,#1027,.F.);
#1330=ORIENTED_EDGE('',*,*,#1017,.T.);
#1331=ORIENTED_EDGE('',*,*,#1028,.F.);
#1332=ORIENTED_EDGE('',*,*,#1029,.F.);
#1333=ORIENTED_EDGE('',*,*,#1026,.F.);
#1334=ORIENTED_EDGE('',*,*,#1016,.T.);
#1335=ORIENTED_EDGE('',*,*,#1030,.F.);
#1336=ORIENTED_EDGE('',*,*,#1028,.T.);
#1337=ORIENTED_EDGE('',*,*,#1031,.F.);
#1338=ORIENTED_EDGE('',*,*,#1032,.T.);
#1339=ORIENTED_EDGE('',*,*,#1033,.F.);
#1340=ORIENTED_EDGE('',*,*,#1034,.F.);
#1341=ORIENTED_EDGE('',*,*,#1035,.T.);
#1342=ORIENTED_EDGE('',*,*,#1036,.F.);
#1343=ORIENTED_EDGE('',*,*,#1035,.F.);
#1344=ORIENTED_EDGE('',*,*,#1037,.F.);
#1345=ORIENTED_EDGE('',*,*,#1038,.F.);
#1346=ORIENTED_EDGE('',*,*,#1039,.F.);
#1347=ORIENTED_EDGE('',*,*,#1040,.F.);
#1348=ORIENTED_EDGE('',*,*,#1041,.F.);
#1349=ORIENTED_EDGE('',*,*,#1040,.T.);
#1350=ORIENTED_EDGE('',*,*,#1042,.F.);
#1351=ORIENTED_EDGE('',*,*,#1032,.F.);
#1352=ORIENTED_EDGE('',*,*,#1043,.F.);
#1353=ORIENTED_EDGE('',*,*,#1044,.F.);
#1354=ORIENTED_EDGE('',*,*,#1045,.F.);
#1355=ORIENTED_EDGE('',*,*,#1033,.T.);
#1356=ORIENTED_EDGE('',*,*,#1042,.T.);
#1357=ORIENTED_EDGE('',*,*,#1039,.T.);
#1358=ORIENTED_EDGE('',*,*,#1034,.T.);
#1359=ORIENTED_EDGE('',*,*,#1045,.T.);
#1360=ORIENTED_EDGE('',*,*,#1046,.F.);
#1361=ORIENTED_EDGE('',*,*,#1047,.T.);
#1362=ORIENTED_EDGE('',*,*,#1048,.F.);
#1363=ORIENTED_EDGE('',*,*,#1049,.F.);
#1364=ORIENTED_EDGE('',*,*,#1050,.F.);
#1365=ORIENTED_EDGE('',*,*,#1044,.T.);
#1366=ORIENTED_EDGE('',*,*,#1051,.T.);
#1367=ORIENTED_EDGE('',*,*,#1052,.T.);
#1368=ORIENTED_EDGE('',*,*,#1046,.T.);
#1369=ORIENTED_EDGE('',*,*,#1043,.T.);
#1370=ORIENTED_EDGE('',*,*,#1053,.F.);
#1371=ORIENTED_EDGE('',*,*,#1054,.T.);
#1372=ORIENTED_EDGE('',*,*,#1051,.F.);
#1373=ORIENTED_EDGE('',*,*,#1006,.F.);
#1374=ORIENTED_EDGE('',*,*,#1055,.F.);
#1375=ORIENTED_EDGE('',*,*,#1056,.F.);
#1376=ORIENTED_EDGE('',*,*,#1057,.F.);
#1377=ORIENTED_EDGE('',*,*,#1058,.F.);
#1378=ORIENTED_EDGE('',*,*,#1059,.F.);
#1379=ORIENTED_EDGE('',*,*,#1060,.F.);
#1380=ORIENTED_EDGE('',*,*,#1061,.T.);
#1381=ORIENTED_EDGE('',*,*,#1062,.F.);
#1382=ORIENTED_EDGE('',*,*,#1047,.F.);
#1383=ORIENTED_EDGE('',*,*,#1052,.F.);
#1384=ORIENTED_EDGE('',*,*,#1054,.F.);
#1385=ORIENTED_EDGE('',*,*,#1063,.F.);
#1386=ORIENTED_EDGE('',*,*,#1064,.F.);
#1387=ORIENTED_EDGE('',*,*,#1065,.F.);
#1388=ORIENTED_EDGE('',*,*,#1058,.T.);
#1389=ORIENTED_EDGE('',*,*,#1066,.T.);
#1390=ORIENTED_EDGE('',*,*,#1063,.T.);
#1391=ORIENTED_EDGE('',*,*,#1067,.F.);
#1392=ORIENTED_EDGE('',*,*,#1068,.T.);
#1393=ORIENTED_EDGE('',*,*,#1069,.T.);
#1394=ORIENTED_EDGE('',*,*,#1068,.F.);
#1395=ORIENTED_EDGE('',*,*,#1070,.T.);
#1396=ORIENTED_EDGE('',*,*,#1071,.T.);
#1397=ORIENTED_EDGE('',*,*,#1053,.T.);
#1398=ORIENTED_EDGE('',*,*,#1038,.T.);
#1399=ORIENTED_EDGE('',*,*,#1072,.T.);
#1400=ORIENTED_EDGE('',*,*,#1073,.F.);
#1401=ORIENTED_EDGE('',*,*,#1074,.T.);
#1402=ORIENTED_EDGE('',*,*,#1059,.T.);
#1403=ORIENTED_EDGE('',*,*,#1075,.T.);
#1404=ORIENTED_EDGE('',*,*,#1070,.F.);
#1405=ORIENTED_EDGE('',*,*,#1067,.T.);
#1406=ORIENTED_EDGE('',*,*,#1060,.T.);
#1407=ORIENTED_EDGE('',*,*,#1076,.T.);
#1408=ORIENTED_EDGE('',*,*,#1077,.F.);
#1409=ORIENTED_EDGE('',*,*,#1072,.F.);
#1410=ORIENTED_EDGE('',*,*,#1037,.T.);
#1411=ORIENTED_EDGE('',*,*,#1078,.F.);
#1412=ORIENTED_EDGE('',*,*,#1079,.T.);
#1413=ORIENTED_EDGE('',*,*,#1080,.T.);
#1414=ORIENTED_EDGE('',*,*,#1081,.F.);
#1415=ORIENTED_EDGE('',*,*,#1082,.T.);
#1416=ORIENTED_EDGE('',*,*,#1083,.F.);
#1417=ORIENTED_EDGE('',*,*,#1082,.F.);
#1418=ORIENTED_EDGE('',*,*,#1084,.F.);
#1419=ORIENTED_EDGE('',*,*,#1085,.F.);
#1420=ORIENTED_EDGE('',*,*,#1086,.F.);
#1421=ORIENTED_EDGE('',*,*,#1087,.F.);
#1422=ORIENTED_EDGE('',*,*,#1088,.F.);
#1423=ORIENTED_EDGE('',*,*,#1089,.F.);
#1424=ORIENTED_EDGE('',*,*,#1090,.F.);
#1425=ORIENTED_EDGE('',*,*,#1086,.T.);
#1426=ORIENTED_EDGE('',*,*,#1091,.F.);
#1427=ORIENTED_EDGE('',*,*,#1092,.F.);
#1428=ORIENTED_EDGE('',*,*,#1081,.T.);
#1429=ORIENTED_EDGE('',*,*,#1090,.T.);
#1430=ORIENTED_EDGE('',*,*,#1093,.F.);
#1431=ORIENTED_EDGE('',*,*,#1094,.T.);
#1432=ORIENTED_EDGE('',*,*,#1095,.F.);
#1433=ORIENTED_EDGE('',*,*,#1089,.T.);
#1434=ORIENTED_EDGE('',*,*,#1096,.T.);
#1435=ORIENTED_EDGE('',*,*,#1097,.T.);
#1436=ORIENTED_EDGE('',*,*,#1093,.T.);
#1437=ORIENTED_EDGE('',*,*,#1088,.T.);
#1438=ORIENTED_EDGE('',*,*,#1098,.F.);
#1439=ORIENTED_EDGE('',*,*,#1099,.T.);
#1440=ORIENTED_EDGE('',*,*,#1096,.F.);
#1441=ORIENTED_EDGE('',*,*,#1091,.T.);
#1442=ORIENTED_EDGE('',*,*,#1085,.T.);
#1443=ORIENTED_EDGE('',*,*,#1100,.F.);
#1444=ORIENTED_EDGE('',*,*,#1101,.T.);
#1445=ORIENTED_EDGE('',*,*,#1102,.F.);
#1446=ORIENTED_EDGE('',*,*,#1103,.F.);
#1447=ORIENTED_EDGE('',*,*,#1104,.F.);
#1448=ORIENTED_EDGE('',*,*,#1105,.F.);
#1449=ORIENTED_EDGE('',*,*,#1106,.T.);
#1450=ORIENTED_EDGE('',*,*,#1107,.F.);
#1451=ORIENTED_EDGE('',*,*,#1108,.T.);
#1452=ORIENTED_EDGE('',*,*,#1109,.F.);
#1453=ORIENTED_EDGE('',*,*,#1110,.T.);
#1454=ORIENTED_EDGE('',*,*,#1111,.T.);
#1455=ORIENTED_EDGE('',*,*,#1112,.T.);
#1456=ORIENTED_EDGE('',*,*,#1113,.T.);
#1457=ORIENTED_EDGE('',*,*,#1114,.T.);
#1458=ORIENTED_EDGE('',*,*,#1115,.T.);
#1459=ORIENTED_EDGE('',*,*,#1116,.T.);
#1460=ORIENTED_EDGE('',*,*,#1117,.T.);
#1461=ORIENTED_EDGE('',*,*,#1118,.T.);
#1462=ORIENTED_EDGE('',*,*,#1119,.T.);
#1463=ORIENTED_EDGE('',*,*,#1120,.T.);
#1464=ORIENTED_EDGE('',*,*,#1121,.T.);
#1465=ORIENTED_EDGE('',*,*,#1122,.T.);
#1466=ORIENTED_EDGE('',*,*,#1001,.T.);
#1467=ORIENTED_EDGE('',*,*,#1123,.T.);
#1468=ORIENTED_EDGE('',*,*,#995,.T.);
#1469=ORIENTED_EDGE('',*,*,#1123,.F.);
#1470=ORIENTED_EDGE('',*,*,#1029,.T.);
#1471=ORIENTED_EDGE('',*,*,#1124,.F.);
#1472=ORIENTED_EDGE('',*,*,#1125,.F.);
#1473=ORIENTED_EDGE('',*,*,#1126,.F.);
#1474=ORIENTED_EDGE('',*,*,#1127,.F.);
#1475=ORIENTED_EDGE('',*,*,#1128,.T.);
#1476=ORIENTED_EDGE('',*,*,#1002,.T.);
#1477=ORIENTED_EDGE('',*,*,#1128,.F.);
#1478=ORIENTED_EDGE('',*,*,#1008,.T.);
#1479=ORIENTED_EDGE('',*,*,#1129,.F.);
#1480=ORIENTED_EDGE('',*,*,#1101,.F.);
#1481=ORIENTED_EDGE('',*,*,#1130,.F.);
#1482=ORIENTED_EDGE('',*,*,#1131,.F.);
#1483=ORIENTED_EDGE('',*,*,#1132,.F.);
#1484=ORIENTED_EDGE('',*,*,#1106,.F.);
#1485=ORIENTED_EDGE('',*,*,#1133,.T.);
#1486=ORIENTED_EDGE('',*,*,#1134,.F.);
#1487=ORIENTED_EDGE('',*,*,#1130,.T.);
#1488=ORIENTED_EDGE('',*,*,#1100,.T.);
#1489=ORIENTED_EDGE('',*,*,#1084,.T.);
#1490=ORIENTED_EDGE('',*,*,#1135,.F.);
#1491=ORIENTED_EDGE('',*,*,#1136,.T.);
#1492=ORIENTED_EDGE('',*,*,#1137,.T.);
#1493=ORIENTED_EDGE('',*,*,#1136,.F.);
#1494=ORIENTED_EDGE('',*,*,#1138,.T.);
#1495=ORIENTED_EDGE('',*,*,#1139,.T.);
#1496=ORIENTED_EDGE('',*,*,#1087,.T.);
#1497=ORIENTED_EDGE('',*,*,#1095,.T.);
#1498=ORIENTED_EDGE('',*,*,#1140,.F.);
#1499=ORIENTED_EDGE('',*,*,#1131,.T.);
#1500=ORIENTED_EDGE('',*,*,#1141,.T.);
#1501=ORIENTED_EDGE('',*,*,#1138,.F.);
#1502=ORIENTED_EDGE('',*,*,#1135,.T.);
#1503=ORIENTED_EDGE('',*,*,#1142,.T.);
#1504=ORIENTED_EDGE('',*,*,#1143,.F.);
#1505=ORIENTED_EDGE('',*,*,#1144,.T.);
#1506=ORIENTED_EDGE('',*,*,#1145,.T.);
#1507=ORIENTED_EDGE('',*,*,#1146,.T.);
#1508=ORIENTED_EDGE('',*,*,#1147,.T.);
#1509=ORIENTED_EDGE('',*,*,#1142,.F.);
#1510=ORIENTED_EDGE('',*,*,#1148,.F.);
#1511=ORIENTED_EDGE('',*,*,#1149,.F.);
#1512=ORIENTED_EDGE('',*,*,#1150,.T.);
#1513=ORIENTED_EDGE('',*,*,#1151,.T.);
#1514=ORIENTED_EDGE('',*,*,#1147,.F.);
#1515=ORIENTED_EDGE('',*,*,#1152,.T.);
#1516=ORIENTED_EDGE('',*,*,#1153,.F.);
#1517=ORIENTED_EDGE('',*,*,#1080,.F.);
#1518=ORIENTED_EDGE('',*,*,#1154,.F.);
#1519=ORIENTED_EDGE('',*,*,#1148,.T.);
#1520=ORIENTED_EDGE('',*,*,#1155,.T.);
#1521=ORIENTED_EDGE('',*,*,#1049,.T.);
#1522=ORIENTED_EDGE('',*,*,#1156,.T.);
#1523=ORIENTED_EDGE('',*,*,#1157,.T.);
#1524=ORIENTED_EDGE('',*,*,#1078,.T.);
#1525=ORIENTED_EDGE('',*,*,#1041,.T.);
#1526=ORIENTED_EDGE('',*,*,#1031,.T.);
#1527=ORIENTED_EDGE('',*,*,#1050,.T.);
#1528=ORIENTED_EDGE('',*,*,#1155,.F.);
#1529=ORIENTED_EDGE('',*,*,#1158,.T.);
#1530=ORIENTED_EDGE('',*,*,#1159,.T.);
#1531=ORIENTED_EDGE('',*,*,#1157,.F.);
#1532=ORIENTED_EDGE('',*,*,#1160,.F.);
#1533=ORIENTED_EDGE('',*,*,#1161,.F.);
#1534=ORIENTED_EDGE('',*,*,#1162,.F.);
#1535=ORIENTED_EDGE('',*,*,#1163,.F.);
#1536=ORIENTED_EDGE('',*,*,#1164,.F.);
#1537=ORIENTED_EDGE('',*,*,#1165,.F.);
#1538=ORIENTED_EDGE('',*,*,#1166,.F.);
#1539=ORIENTED_EDGE('',*,*,#1158,.F.);
#1540=ORIENTED_EDGE('',*,*,#1076,.F.);
#1541=ORIENTED_EDGE('',*,*,#1074,.F.);
#1542=ORIENTED_EDGE('',*,*,#1167,.F.);
#1543=ORIENTED_EDGE('',*,*,#1071,.F.);
#1544=ORIENTED_EDGE('',*,*,#1075,.F.);
#1545=ORIENTED_EDGE('',*,*,#1069,.F.);
#1546=ORIENTED_EDGE('',*,*,#1066,.F.);
#1547=ORIENTED_EDGE('',*,*,#1168,.F.);
#1548=ORIENTED_EDGE('',*,*,#1169,.F.);
#1549=ORIENTED_EDGE('',*,*,#1170,.T.);
#1550=ORIENTED_EDGE('',*,*,#1161,.T.);
#1551=ORIENTED_EDGE('',*,*,#1168,.T.);
#1552=ORIENTED_EDGE('',*,*,#1057,.T.);
#1553=ORIENTED_EDGE('',*,*,#1048,.T.);
#1554=ORIENTED_EDGE('',*,*,#1064,.T.);
#1555=ORIENTED_EDGE('',*,*,#1169,.T.);
#1556=ORIENTED_EDGE('',*,*,#1160,.T.);
#1557=ORIENTED_EDGE('',*,*,#1156,.F.);
#1558=ORIENTED_EDGE('',*,*,#1077,.T.);
#1559=ORIENTED_EDGE('',*,*,#1167,.T.);
#1560=ORIENTED_EDGE('',*,*,#1073,.T.);
#1561=ORIENTED_EDGE('',*,*,#1171,.F.);
#1562=ORIENTED_EDGE('',*,*,#1172,.F.);
#1563=ORIENTED_EDGE('',*,*,#1173,.F.);
#1564=ORIENTED_EDGE('',*,*,#1061,.F.);
#1565=ORIENTED_EDGE('',*,*,#1153,.T.);
#1566=ORIENTED_EDGE('',*,*,#1152,.F.);
#1567=ORIENTED_EDGE('',*,*,#1146,.F.);
#1568=ORIENTED_EDGE('',*,*,#1144,.F.);
#1569=ORIENTED_EDGE('',*,*,#1174,.T.);
#1570=ORIENTED_EDGE('',*,*,#1175,.T.);
#1571=ORIENTED_EDGE('',*,*,#1176,.F.);
#1572=ORIENTED_EDGE('',*,*,#1092,.T.);
#1573=ORIENTED_EDGE('',*,*,#1109,.T.);
#1574=ORIENTED_EDGE('',*,*,#1177,.T.);
#1575=ORIENTED_EDGE('',*,*,#1098,.T.);
#1576=ORIENTED_EDGE('',*,*,#1178,.T.);
#1577=ORIENTED_EDGE('',*,*,#1179,.T.);
#1578=ORIENTED_EDGE('',*,*,#1022,.T.);
#1579=ORIENTED_EDGE('',*,*,#1179,.F.);
#1580=ORIENTED_EDGE('',*,*,#1180,.F.);
#1581=ORIENTED_EDGE('',*,*,#1181,.T.);
#1582=ORIENTED_EDGE('',*,*,#1178,.F.);
#1583=ORIENTED_EDGE('',*,*,#1181,.F.);
#1584=ORIENTED_EDGE('',*,*,#1182,.T.);
#1585=ORIENTED_EDGE('',*,*,#1183,.T.);
#1586=ORIENTED_EDGE('',*,*,#1036,.T.);
#1587=ORIENTED_EDGE('',*,*,#1183,.F.);
#1588=ORIENTED_EDGE('',*,*,#1184,.F.);
#1589=ORIENTED_EDGE('',*,*,#1185,.T.);
#1590=ORIENTED_EDGE('',*,*,#1182,.F.);
#1591=ORIENTED_EDGE('',*,*,#1185,.F.);
#1592=ORIENTED_EDGE('',*,*,#1186,.T.);
#1593=ORIENTED_EDGE('',*,*,#1187,.T.);
#1594=ORIENTED_EDGE('',*,*,#1083,.T.);
#1595=ORIENTED_EDGE('',*,*,#1187,.F.);
#1596=ORIENTED_EDGE('',*,*,#1188,.F.);
#1597=ORIENTED_EDGE('',*,*,#1189,.T.);
#1598=ORIENTED_EDGE('',*,*,#1186,.F.);
#1599=ORIENTED_EDGE('',*,*,#1189,.F.);
#1600=ORIENTED_EDGE('',*,*,#1180,.T.);
#1601=ORIENTED_EDGE('',*,*,#1190,.T.);
#1602=ORIENTED_EDGE('',*,*,#1191,.T.);
#1603=ORIENTED_EDGE('',*,*,#1190,.F.);
#1604=ORIENTED_EDGE('',*,*,#1192,.F.);
#1605=ORIENTED_EDGE('',*,*,#1094,.F.);
#1606=ORIENTED_EDGE('',*,*,#1097,.F.);
#1607=ORIENTED_EDGE('',*,*,#1099,.F.);
#1608=ORIENTED_EDGE('',*,*,#1177,.F.);
#1609=ORIENTED_EDGE('',*,*,#1108,.F.);
#1610=ORIENTED_EDGE('',*,*,#1191,.F.);
#1611=ORIENTED_EDGE('',*,*,#1193,.T.);
#1612=ORIENTED_EDGE('',*,*,#1194,.T.);
#1613=ORIENTED_EDGE('',*,*,#1184,.T.);
#1614=ORIENTED_EDGE('',*,*,#1194,.F.);
#1615=ORIENTED_EDGE('',*,*,#1195,.F.);
#1616=ORIENTED_EDGE('',*,*,#1196,.F.);
#1617=ORIENTED_EDGE('',*,*,#1197,.F.);
#1618=ORIENTED_EDGE('',*,*,#1198,.F.);
#1619=ORIENTED_EDGE('',*,*,#1199,.F.);
#1620=ORIENTED_EDGE('',*,*,#1200,.F.);
#1621=ORIENTED_EDGE('',*,*,#1201,.F.);
#1622=ORIENTED_EDGE('',*,*,#1127,.T.);
#1623=ORIENTED_EDGE('',*,*,#1202,.F.);
#1624=ORIENTED_EDGE('',*,*,#1193,.F.);
#1625=ORIENTED_EDGE('',*,*,#1202,.T.);
#1626=ORIENTED_EDGE('',*,*,#1203,.T.);
#1627=ORIENTED_EDGE('',*,*,#1188,.T.);
#1628=ORIENTED_EDGE('',*,*,#1203,.F.);
#1629=ORIENTED_EDGE('',*,*,#1204,.T.);
#1630=ORIENTED_EDGE('',*,*,#1205,.T.);
#1631=ORIENTED_EDGE('',*,*,#1023,.T.);
#1632=ORIENTED_EDGE('',*,*,#1205,.F.);
#1633=ORIENTED_EDGE('',*,*,#1206,.F.);
#1634=ORIENTED_EDGE('',*,*,#1207,.T.);
#1635=ORIENTED_EDGE('',*,*,#1204,.F.);
#1636=ORIENTED_EDGE('',*,*,#1207,.F.);
#1637=ORIENTED_EDGE('',*,*,#1206,.T.);
#1638=ORIENTED_EDGE('',*,*,#1208,.T.);
#1639=ORIENTED_EDGE('',*,*,#1065,.T.);
#1640=ORIENTED_EDGE('',*,*,#1208,.F.);
#1641=ORIENTED_EDGE('',*,*,#1209,.T.);
#1642=ORIENTED_EDGE('',*,*,#1210,.T.);
#1643=ORIENTED_EDGE('',*,*,#1211,.T.);
#1644=ORIENTED_EDGE('',*,*,#1212,.T.);
#1645=ORIENTED_EDGE('',*,*,#1171,.T.);
#1646=ORIENTED_EDGE('',*,*,#1145,.F.);
#1647=ORIENTED_EDGE('',*,*,#1213,.T.);
#1648=ORIENTED_EDGE('',*,*,#1212,.F.);
#1649=ORIENTED_EDGE('',*,*,#1209,.F.);
#1650=ORIENTED_EDGE('',*,*,#1213,.F.);
#1651=ORIENTED_EDGE('',*,*,#1176,.T.);
#1652=ORIENTED_EDGE('',*,*,#1214,.T.);
#1653=ORIENTED_EDGE('',*,*,#1215,.F.);
#1654=ORIENTED_EDGE('',*,*,#1216,.T.);
#1655=ORIENTED_EDGE('',*,*,#1014,.T.);
#1656=ORIENTED_EDGE('',*,*,#1024,.T.);
#1657=ORIENTED_EDGE('',*,*,#1134,.T.);
#1658=ORIENTED_EDGE('',*,*,#1217,.T.);
#1659=ORIENTED_EDGE('',*,*,#1055,.T.);
#1660=ORIENTED_EDGE('',*,*,#1025,.F.);
#1661=ORIENTED_EDGE('',*,*,#1020,.T.);
#1662=ORIENTED_EDGE('',*,*,#1129,.T.);
#1663=ORIENTED_EDGE('',*,*,#1218,.T.);
#1664=ORIENTED_EDGE('',*,*,#1195,.T.);
#1665=ORIENTED_EDGE('',*,*,#1219,.T.);
#1666=ORIENTED_EDGE('',*,*,#1220,.F.);
#1667=ORIENTED_EDGE('',*,*,#1221,.F.);
#1668=ORIENTED_EDGE('',*,*,#1222,.F.);
#1669=ORIENTED_EDGE('',*,*,#1201,.T.);
#1670=ORIENTED_EDGE('',*,*,#1221,.T.);
#1671=ORIENTED_EDGE('',*,*,#1102,.T.);
#1672=ORIENTED_EDGE('',*,*,#1219,.F.);
#1673=ORIENTED_EDGE('',*,*,#1223,.T.);
#1674=ORIENTED_EDGE('',*,*,#1222,.T.);
#1675=ORIENTED_EDGE('',*,*,#1200,.T.);
#1676=ORIENTED_EDGE('',*,*,#1224,.T.);
#1677=ORIENTED_EDGE('',*,*,#1225,.T.);
#1678=ORIENTED_EDGE('',*,*,#1103,.T.);
#1679=ORIENTED_EDGE('',*,*,#1220,.T.);
#1680=ORIENTED_EDGE('',*,*,#1226,.T.);
#1681=ORIENTED_EDGE('',*,*,#1225,.F.);
#1682=ORIENTED_EDGE('',*,*,#1227,.T.);
#1683=ORIENTED_EDGE('',*,*,#1228,.T.);
#1684=ORIENTED_EDGE('',*,*,#1104,.T.);
#1685=ORIENTED_EDGE('',*,*,#1015,.T.);
#1686=ORIENTED_EDGE('',*,*,#1216,.F.);
#1687=ORIENTED_EDGE('',*,*,#1133,.F.);
#1688=ORIENTED_EDGE('',*,*,#1105,.T.);
#1689=ORIENTED_EDGE('',*,*,#1228,.F.);
#1690=ORIENTED_EDGE('',*,*,#1124,.T.);
#1691=ORIENTED_EDGE('',*,*,#1030,.T.);
#1692=ORIENTED_EDGE('',*,*,#1229,.T.);
#1693=ORIENTED_EDGE('',*,*,#1224,.F.);
#1694=ORIENTED_EDGE('',*,*,#1199,.T.);
#1695=ORIENTED_EDGE('',*,*,#1230,.T.);
#1696=ORIENTED_EDGE('',*,*,#1231,.T.);
#1697=ORIENTED_EDGE('',*,*,#1196,.T.);
#1698=ORIENTED_EDGE('',*,*,#1218,.F.);
#1699=ORIENTED_EDGE('',*,*,#1007,.T.);
#1700=ORIENTED_EDGE('',*,*,#1232,.T.);
#1701=ORIENTED_EDGE('',*,*,#1197,.T.);
#1702=ORIENTED_EDGE('',*,*,#1231,.F.);
#1703=ORIENTED_EDGE('',*,*,#1062,.T.);
#1704=ORIENTED_EDGE('',*,*,#1198,.T.);
#1705=ORIENTED_EDGE('',*,*,#1232,.F.);
#1706=ORIENTED_EDGE('',*,*,#1173,.T.);
#1707=ORIENTED_EDGE('',*,*,#1230,.F.);
#1708=ORIENTED_EDGE('',*,*,#1150,.F.);
#1709=ORIENTED_EDGE('',*,*,#1233,.F.);
#1710=ORIENTED_EDGE('',*,*,#1234,.F.);
#1711=ORIENTED_EDGE('',*,*,#1166,.T.);
#1712=ORIENTED_EDGE('',*,*,#1233,.T.);
#1713=ORIENTED_EDGE('',*,*,#1149,.T.);
#1714=ORIENTED_EDGE('',*,*,#1154,.T.);
#1715=ORIENTED_EDGE('',*,*,#1079,.F.);
#1716=ORIENTED_EDGE('',*,*,#1159,.F.);
#1717=ORIENTED_EDGE('',*,*,#1235,.F.);
#1718=ORIENTED_EDGE('',*,*,#1236,.F.);
#1719=ORIENTED_EDGE('',*,*,#1237,.F.);
#1720=ORIENTED_EDGE('',*,*,#1238,.T.);
#1721=ORIENTED_EDGE('',*,*,#1239,.T.);
#1722=ORIENTED_EDGE('',*,*,#1236,.T.);
#1723=ORIENTED_EDGE('',*,*,#1164,.T.);
#1724=ORIENTED_EDGE('',*,*,#1240,.T.);
#1725=ORIENTED_EDGE('',*,*,#1241,.T.);
#1726=ORIENTED_EDGE('',*,*,#1238,.F.);
#1727=ORIENTED_EDGE('',*,*,#1163,.T.);
#1728=ORIENTED_EDGE('',*,*,#1019,.T.);
#1729=ORIENTED_EDGE('',*,*,#1027,.T.);
#1730=ORIENTED_EDGE('',*,*,#1126,.T.);
#1731=ORIENTED_EDGE('',*,*,#1240,.F.);
#1732=ORIENTED_EDGE('',*,*,#1162,.T.);
#1733=ORIENTED_EDGE('',*,*,#1170,.F.);
#1734=ORIENTED_EDGE('',*,*,#1056,.T.);
#1735=ORIENTED_EDGE('',*,*,#1217,.F.);
#1736=ORIENTED_EDGE('',*,*,#1242,.T.);
#1737=ORIENTED_EDGE('',*,*,#1243,.T.);
#1738=ORIENTED_EDGE('',*,*,#1237,.T.);
#1739=ORIENTED_EDGE('',*,*,#1244,.T.);
#1740=ORIENTED_EDGE('',*,*,#1234,.T.);
#1741=ORIENTED_EDGE('',*,*,#1165,.T.);
#1742=ORIENTED_EDGE('',*,*,#1235,.T.);
#1743=ORIENTED_EDGE('',*,*,#1245,.T.);
#1744=ORIENTED_EDGE('',*,*,#1192,.T.);
#1745=ORIENTED_EDGE('',*,*,#1107,.T.);
#1746=ORIENTED_EDGE('',*,*,#1132,.T.);
#1747=ORIENTED_EDGE('',*,*,#1140,.T.);
#1748=ORIENTED_EDGE('',*,*,#1139,.F.);
#1749=ORIENTED_EDGE('',*,*,#1141,.F.);
#1750=ORIENTED_EDGE('',*,*,#1137,.F.);
#1751=ORIENTED_EDGE('',*,*,#1227,.F.);
#1752=ORIENTED_EDGE('',*,*,#1246,.T.);
#1753=ORIENTED_EDGE('',*,*,#1241,.F.);
#1754=ORIENTED_EDGE('',*,*,#1125,.T.);
#1755=ORIENTED_EDGE('',*,*,#1110,.F.);
#1756=ORIENTED_EDGE('',*,*,#1247,.T.);
#1757=ORIENTED_EDGE('',*,*,#1248,.T.);
#1758=ORIENTED_EDGE('',*,*,#1249,.F.);
#1759=ORIENTED_EDGE('',*,*,#1122,.F.);
#1760=ORIENTED_EDGE('',*,*,#1250,.T.);
#1761=ORIENTED_EDGE('',*,*,#1251,.T.);
#1762=ORIENTED_EDGE('',*,*,#1247,.F.);
#1763=ORIENTED_EDGE('',*,*,#1121,.F.);
#1764=ORIENTED_EDGE('',*,*,#1252,.T.);
#1765=ORIENTED_EDGE('',*,*,#1253,.T.);
#1766=ORIENTED_EDGE('',*,*,#1250,.F.);
#1767=ORIENTED_EDGE('',*,*,#1120,.F.);
#1768=ORIENTED_EDGE('',*,*,#1254,.T.);
#1769=ORIENTED_EDGE('',*,*,#1255,.T.);
#1770=ORIENTED_EDGE('',*,*,#1252,.F.);
#1771=ORIENTED_EDGE('',*,*,#1119,.F.);
#1772=ORIENTED_EDGE('',*,*,#1256,.T.);
#1773=ORIENTED_EDGE('',*,*,#1257,.T.);
#1774=ORIENTED_EDGE('',*,*,#1254,.F.);
#1775=ORIENTED_EDGE('',*,*,#1118,.F.);
#1776=ORIENTED_EDGE('',*,*,#1258,.T.);
#1777=ORIENTED_EDGE('',*,*,#1259,.T.);
#1778=ORIENTED_EDGE('',*,*,#1256,.F.);
#1779=ORIENTED_EDGE('',*,*,#1117,.F.);
#1780=ORIENTED_EDGE('',*,*,#1260,.T.);
#1781=ORIENTED_EDGE('',*,*,#1261,.T.);
#1782=ORIENTED_EDGE('',*,*,#1258,.F.);
#1783=ORIENTED_EDGE('',*,*,#1116,.F.);
#1784=ORIENTED_EDGE('',*,*,#1262,.T.);
#1785=ORIENTED_EDGE('',*,*,#1263,.T.);
#1786=ORIENTED_EDGE('',*,*,#1260,.F.);
#1787=ORIENTED_EDGE('',*,*,#1115,.F.);
#1788=ORIENTED_EDGE('',*,*,#1264,.T.);
#1789=ORIENTED_EDGE('',*,*,#1265,.T.);
#1790=ORIENTED_EDGE('',*,*,#1262,.F.);
#1791=ORIENTED_EDGE('',*,*,#1114,.F.);
#1792=ORIENTED_EDGE('',*,*,#1266,.T.);
#1793=ORIENTED_EDGE('',*,*,#1267,.T.);
#1794=ORIENTED_EDGE('',*,*,#1264,.F.);
#1795=ORIENTED_EDGE('',*,*,#1113,.F.);
#1796=ORIENTED_EDGE('',*,*,#1268,.T.);
#1797=ORIENTED_EDGE('',*,*,#1269,.T.);
#1798=ORIENTED_EDGE('',*,*,#1266,.F.);
#1799=ORIENTED_EDGE('',*,*,#1112,.F.);
#1800=ORIENTED_EDGE('',*,*,#1270,.T.);
#1801=ORIENTED_EDGE('',*,*,#1271,.T.);
#1802=ORIENTED_EDGE('',*,*,#1268,.F.);
#1803=ORIENTED_EDGE('',*,*,#1111,.F.);
#1804=ORIENTED_EDGE('',*,*,#1249,.T.);
#1805=ORIENTED_EDGE('',*,*,#1272,.T.);
#1806=ORIENTED_EDGE('',*,*,#1270,.F.);
#1807=ORIENTED_EDGE('',*,*,#1272,.F.);
#1808=ORIENTED_EDGE('',*,*,#1248,.F.);
#1809=ORIENTED_EDGE('',*,*,#1251,.F.);
#1810=ORIENTED_EDGE('',*,*,#1253,.F.);
#1811=ORIENTED_EDGE('',*,*,#1255,.F.);
#1812=ORIENTED_EDGE('',*,*,#1257,.F.);
#1813=ORIENTED_EDGE('',*,*,#1259,.F.);
#1814=ORIENTED_EDGE('',*,*,#1261,.F.);
#1815=ORIENTED_EDGE('',*,*,#1263,.F.);
#1816=ORIENTED_EDGE('',*,*,#1265,.F.);
#1817=ORIENTED_EDGE('',*,*,#1267,.F.);
#1818=ORIENTED_EDGE('',*,*,#1269,.F.);
#1819=ORIENTED_EDGE('',*,*,#1271,.F.);
#1820=ORIENTED_EDGE('',*,*,#1243,.F.);
#1821=ORIENTED_EDGE('',*,*,#1273,.F.);
#1822=ORIENTED_EDGE('',*,*,#1274,.T.);
#1823=ORIENTED_EDGE('',*,*,#1275,.T.);
#1824=ORIENTED_EDGE('',*,*,#1174,.F.);
#1825=ORIENTED_EDGE('',*,*,#1143,.T.);
#1826=ORIENTED_EDGE('',*,*,#1151,.F.);
#1827=ORIENTED_EDGE('',*,*,#1245,.F.);
#1828=ORIENTED_EDGE('',*,*,#1276,.F.);
#1829=ORIENTED_EDGE('',*,*,#1273,.T.);
#1830=ORIENTED_EDGE('',*,*,#1242,.F.);
#1831=ORIENTED_EDGE('',*,*,#1277,.F.);
#1832=ORIENTED_EDGE('',*,*,#1229,.F.);
#1833=ORIENTED_EDGE('',*,*,#1172,.T.);
#1834=ORIENTED_EDGE('',*,*,#1211,.F.);
#1835=ORIENTED_EDGE('',*,*,#1223,.F.);
#1836=ORIENTED_EDGE('',*,*,#1277,.T.);
#1837=ORIENTED_EDGE('',*,*,#1244,.F.);
#1838=ORIENTED_EDGE('',*,*,#1239,.F.);
#1839=ORIENTED_EDGE('',*,*,#1246,.F.);
#1840=ORIENTED_EDGE('',*,*,#1226,.F.);
#1841=ORIENTED_EDGE('',*,*,#1276,.T.);
#1842=ORIENTED_EDGE('',*,*,#1210,.F.);
#1843=ORIENTED_EDGE('',*,*,#1215,.T.);
#1844=ORIENTED_EDGE('',*,*,#1278,.T.);
#1845=ORIENTED_EDGE('',*,*,#1274,.F.);
#1846=ORIENTED_EDGE('',*,*,#1175,.F.);
#1847=ORIENTED_EDGE('',*,*,#1275,.F.);
#1848=ORIENTED_EDGE('',*,*,#1278,.F.);
#1849=ORIENTED_EDGE('',*,*,#1214,.F.);
#1850=ORIENTED_EDGE('',*,*,#1279,.F.);
#1851=ORIENTED_EDGE('',*,*,#1000,.T.);
#1852=ORIENTED_EDGE('',*,*,#1280,.T.);
#1853=ORIENTED_EDGE('',*,*,#1279,.T.);
#1854=ORIENTED_EDGE('',*,*,#1280,.F.);
#1855=ORIENTED_EDGE('',*,*,#1281,.F.);
#1856=ORIENTED_EDGE('',*,*,#999,.T.);
#1857=ORIENTED_EDGE('',*,*,#1282,.T.);
#1858=ORIENTED_EDGE('',*,*,#1281,.T.);
#1859=ORIENTED_EDGE('',*,*,#1282,.F.);
#1860=ORIENTED_EDGE('',*,*,#1283,.F.);
#1861=ORIENTED_EDGE('',*,*,#998,.T.);
#1862=ORIENTED_EDGE('',*,*,#1284,.T.);
#1863=ORIENTED_EDGE('',*,*,#1283,.T.);
#1864=ORIENTED_EDGE('',*,*,#1284,.F.);
#1865=PLANE('',#2073);
#1866=PLANE('',#2075);
#1867=PLANE('',#2082);
#1868=PLANE('',#2087);
#1869=PLANE('',#2092);
#1870=PLANE('',#2093);
#1871=PLANE('',#2094);
#1872=PLANE('',#2095);
#1873=PLANE('',#2096);
#1874=PLANE('',#2106);
#1875=PLANE('',#2107);
#1876=PLANE('',#2113);
#1877=PLANE('',#2114);
#1878=PLANE('',#2121);
#1879=PLANE('',#2125);
#1880=PLANE('',#2126);
#1881=PLANE('',#2134);
#1882=PLANE('',#2136);
#1883=PLANE('',#2137);
#1884=PLANE('',#2140);
#1885=PLANE('',#2143);
#1886=PLANE('',#2153);
#1887=PLANE('',#2154);
#1888=PLANE('',#2155);
#1889=PLANE('',#2156);
#1890=PLANE('',#2157);
#1891=PLANE('',#2158);
#1892=PLANE('',#2159);
#1893=PLANE('',#2160);
#1894=PLANE('',#2162);
#1895=PLANE('',#2163);
#1896=PLANE('',#2164);
#1897=PLANE('',#2165);
#1898=PLANE('',#2166);
#1899=PLANE('',#2167);
#1900=PLANE('',#2168);
#1901=PLANE('',#2169);
#1902=PLANE('',#2170);
#1903=PLANE('',#2185);
#1904=PLANE('',#2189);
#1905=PLANE('',#2199);
#1906=PLANE('',#2200);
#1907=PLANE('',#2201);
#1908=PLANE('',#2205);
#1909=PLANE('',#2206);
#1910=PLANE('',#2207);
#1911=PLANE('',#2208);
#1912=PLANE('',#2211);
#1913=PLANE('',#2212);
#1914=PLANE('',#2213);
#1915=PLANE('',#2215);
#1916=PLANE('',#2216);
#1917=PLANE('',#2217);
#1918=PLANE('',#2218);
#1919=PLANE('',#2219);
#1920=PLANE('',#2222);
#1921=PLANE('',#2223);
#1922=PLANE('',#2224);
#1923=PLANE('',#2226);
#1924=PLANE('',#2228);
#1925=PLANE('',#2229);
#1926=PLANE('',#2230);
#1927=PLANE('',#2231);
#1928=PLANE('',#2232);
#1929=PLANE('',#2233);
#1930=PLANE('',#2234);
#1931=PLANE('',#2235);
#1932=PLANE('',#2236);
#1933=PLANE('',#2237);
#1934=PLANE('',#2238);
#1935=PLANE('',#2239);
#1936=PLANE('',#2240);
#1937=PLANE('',#2243);
#1938=PLANE('',#2246);
#1939=ADVANCED_FACE('',(#507),#1865,.T.);
#1940=ADVANCED_FACE('',(#508,#102,#103,#104,#105,#106),#1866,.T.);
#1941=ADVANCED_FACE('',(#509),#1867,.T.);
#1942=ADVANCED_FACE('',(#510),#82,.F.);
#1943=ADVANCED_FACE('',(#511,#107,#108),#1868,.T.);
#1944=ADVANCED_FACE('',(#512),#1869,.T.);
#1945=ADVANCED_FACE('',(#513),#1870,.T.);
#1946=ADVANCED_FACE('',(#514),#1871,.T.);
#1947=ADVANCED_FACE('',(#515),#1872,.T.);
#1948=ADVANCED_FACE('',(#516),#1873,.T.);
#1949=ADVANCED_FACE('',(#517),#83,.T.);
#1950=ADVANCED_FACE('',(#518),#84,.F.);
#1951=ADVANCED_FACE('',(#519),#85,.T.);
#1952=ADVANCED_FACE('',(#520),#1874,.T.);
#1953=ADVANCED_FACE('',(#521,#109),#1875,.T.);
#1954=ADVANCED_FACE('',(#522),#86,.F.);
#1955=ADVANCED_FACE('',(#523),#1876,.T.);
#1956=ADVANCED_FACE('',(#524),#1877,.F.);
#1957=ADVANCED_FACE('',(#525),#87,.T.);
#1958=ADVANCED_FACE('',(#526,#110),#1878,.F.);
#1959=ADVANCED_FACE('',(#527),#57,.T.);
#1960=ADVANCED_FACE('',(#528),#1879,.T.);
#1961=ADVANCED_FACE('',(#529),#1880,.T.);
#1962=ADVANCED_FACE('',(#530),#58,.T.);
#1963=ADVANCED_FACE('',(#531),#88,.F.);
#1964=ADVANCED_FACE('',(#532),#89,.T.);
#1965=ADVANCED_FACE('',(#533,#111),#1881,.T.);
#1966=ADVANCED_FACE('',(#534),#1882,.F.);
#1967=ADVANCED_FACE('',(#535),#1883,.T.);
#1968=ADVANCED_FACE('',(#536),#90,.F.);
#1969=ADVANCED_FACE('',(#537,#112),#1884,.T.);
#1970=ADVANCED_FACE('',(#538),#91,.F.);
#1971=ADVANCED_FACE('',(#539),#1885,.T.);
#1972=ADVANCED_FACE('',(#540),#92,.F.);
#1973=ADVANCED_FACE('',(#541),#93,.T.);
#1974=ADVANCED_FACE('',(#542),#59,.T.);
#1975=ADVANCED_FACE('',(#543),#1886,.T.);
#1976=ADVANCED_FACE('',(#544),#1887,.T.);
#1977=ADVANCED_FACE('',(#545),#1888,.T.);
#1978=ADVANCED_FACE('',(#546),#1889,.T.);
#1979=ADVANCED_FACE('',(#547),#1890,.T.);
#1980=ADVANCED_FACE('',(#548),#1891,.T.);
#1981=ADVANCED_FACE('',(#549),#1892,.T.);
#1982=ADVANCED_FACE('',(#550),#1893,.T.);
#1983=ADVANCED_FACE('',(#551),#1894,.T.);
#1984=ADVANCED_FACE('',(#552),#1895,.T.);
#1985=ADVANCED_FACE('',(#553),#1896,.T.);
#1986=ADVANCED_FACE('',(#554),#1897,.T.);
#1987=ADVANCED_FACE('',(#555),#1898,.T.);
#1988=ADVANCED_FACE('',(#556),#1899,.T.);
#1989=ADVANCED_FACE('',(#557),#1900,.F.);
#1990=ADVANCED_FACE('',(#558),#1901,.F.);
#1991=ADVANCED_FACE('',(#559),#1902,.T.);
#1992=ADVANCED_FACE('',(#560),#60,.F.);
#1993=ADVANCED_FACE('',(#561),#94,.F.);
#1994=ADVANCED_FACE('',(#562),#61,.F.);
#1995=ADVANCED_FACE('',(#563),#95,.F.);
#1996=ADVANCED_FACE('',(#564),#62,.F.);
#1997=ADVANCED_FACE('',(#565),#96,.F.);
#1998=ADVANCED_FACE('',(#566),#63,.F.);
#1999=ADVANCED_FACE('',(#567,#113),#1903,.F.);
#2000=ADVANCED_FACE('',(#568),#64,.F.);
#2001=ADVANCED_FACE('',(#569,#114,#115,#116),#1904,.T.);
#2002=ADVANCED_FACE('',(#570),#65,.F.);
#2003=ADVANCED_FACE('',(#571),#66,.F.);
#2004=ADVANCED_FACE('',(#572),#97,.F.);
#2005=ADVANCED_FACE('',(#573),#67,.F.);
#2006=ADVANCED_FACE('',(#574),#1905,.T.);
#2007=ADVANCED_FACE('',(#575),#1906,.T.);
#2008=ADVANCED_FACE('',(#576),#1907,.F.);
#2009=ADVANCED_FACE('',(#577),#68,.T.);
#2010=ADVANCED_FACE('',(#578),#69,.T.);
#2011=ADVANCED_FACE('',(#579),#70,.T.);
#2012=ADVANCED_FACE('',(#580),#1908,.T.);
#2013=ADVANCED_FACE('',(#581),#1909,.T.);
#2014=ADVANCED_FACE('',(#582),#1910,.T.);
#2015=ADVANCED_FACE('',(#583),#1911,.T.);
#2016=ADVANCED_FACE('',(#584),#71,.T.);
#2017=ADVANCED_FACE('',(#585),#1912,.T.);
#2018=ADVANCED_FACE('',(#586),#1913,.T.);
#2019=ADVANCED_FACE('',(#587),#1914,.T.);
#2020=ADVANCED_FACE('',(#588),#72,.T.);
#2021=ADVANCED_FACE('',(#589),#1915,.T.);
#2022=ADVANCED_FACE('',(#590),#1916,.T.);
#2023=ADVANCED_FACE('',(#591),#1917,.T.);
#2024=ADVANCED_FACE('',(#592),#1918,.T.);
#2025=ADVANCED_FACE('',(#593),#1919,.T.);
#2026=ADVANCED_FACE('',(#594),#73,.T.);
#2027=ADVANCED_FACE('',(#595),#1920,.T.);
#2028=ADVANCED_FACE('',(#596),#1921,.T.);
#2029=ADVANCED_FACE('',(#597),#1922,.T.);
#2030=ADVANCED_FACE('',(#598),#74,.T.);
#2031=ADVANCED_FACE('',(#599),#1923,.T.);
#2032=ADVANCED_FACE('',(#600),#98,.T.);
#2033=ADVANCED_FACE('',(#601),#19,.F.);
#2034=ADVANCED_FACE('',(#602),#20,.F.);
#2035=ADVANCED_FACE('',(#603),#1924,.F.);
#2036=ADVANCED_FACE('',(#604),#1925,.F.);
#2037=ADVANCED_FACE('',(#605),#1926,.F.);
#2038=ADVANCED_FACE('',(#606),#21,.F.);
#2039=ADVANCED_FACE('',(#607),#1927,.F.);
#2040=ADVANCED_FACE('',(#608),#22,.F.);
#2041=ADVANCED_FACE('',(#609),#23,.F.);
#2042=ADVANCED_FACE('',(#610),#1928,.F.);
#2043=ADVANCED_FACE('',(#611),#24,.F.);
#2044=ADVANCED_FACE('',(#612),#25,.F.);
#2045=ADVANCED_FACE('',(#613),#1929,.F.);
#2046=ADVANCED_FACE('',(#614),#1930,.T.);
#2047=ADVANCED_FACE('',(#615),#1931,.F.);
#2048=ADVANCED_FACE('',(#616),#1932,.F.);
#2049=ADVANCED_FACE('',(#617),#1933,.T.);
#2050=ADVANCED_FACE('',(#618),#1934,.F.);
#2051=ADVANCED_FACE('',(#619),#1935,.T.);
#2052=ADVANCED_FACE('',(#620),#1936,.T.);
#2053=ADVANCED_FACE('',(#621),#99,.F.);
#2054=ADVANCED_FACE('',(#622),#1937,.T.);
#2055=ADVANCED_FACE('',(#623),#100,.F.);
#2056=ADVANCED_FACE('',(#624),#1938,.T.);
#2057=ADVANCED_FACE('',(#625),#101,.F.);
#2058=CLOSED_SHELL('',(#1939,#1940,#1941,#1942,#1943,#1944,#1945,#1946,
#1947,#1948,#1949,#1950,#1951,#1952,#1953,#1954,#1955,#1956,#1957,#1958,
#1959,#1960,#1961,#1962,#1963,#1964,#1965,#1966,#1967,#1968,#1969,#1970,
#1971,#1972,#1973,#1974,#1975,#1976,#1977,#1978,#1979,#1980,#1981,#1982,
#1983,#1984,#1985,#1986,#1987,#1988,#1989,#1990,#1991,#1992,#1993,#1994,
#1995,#1996,#1997,#1998,#1999,#2000,#2001,#2002,#2003,#2004,#2005,#2006,
#2007,#2008,#2009,#2010,#2011,#2012,#2013,#2014,#2015,#2016,#2017,#2018,
#2019,#2020,#2021,#2022,#2023,#2024,#2025,#2026,#2027,#2028,#2029,#2030,
#2031,#2032,#2033,#2034,#2035,#2036,#2037,#2038,#2039,#2040,#2041,#2042,
#2043,#2044,#2045,#2046,#2047,#2048,#2049,#2050,#2051,#2052,#2053,#2054,
#2055,#2056,#2057));
#2059=DERIVED_UNIT_ELEMENT(#2061,1.);
#2060=DERIVED_UNIT_ELEMENT(#3555,-3.);
#2061=(
MASS_UNIT()
NAMED_UNIT(*)
SI_UNIT(.KILO.,.GRAM.)
);
#2062=DERIVED_UNIT((#2059,#2060));
#2063=MEASURE_REPRESENTATION_ITEM('density measure',
POSITIVE_RATIO_MEASURE(7850.),#2062);
#2064=PROPERTY_DEFINITION_REPRESENTATION(#2069,#2066);
#2065=PROPERTY_DEFINITION_REPRESENTATION(#2070,#2067);
#2066=REPRESENTATION('material name',(#2068),#3552);
#2067=REPRESENTATION('density',(#2063),#3552);
#2068=DESCRIPTIVE_REPRESENTATION_ITEM('Stal','Stal');
#2069=PROPERTY_DEFINITION('material property','material name',#3567);
#2070=PROPERTY_DEFINITION('material property','density of part',#3567);
#2071=AXIS2_PLACEMENT_3D('',#2803,#2250,#2251);
#2072=AXIS2_PLACEMENT_3D('',#2804,#2252,#2253);
#2073=AXIS2_PLACEMENT_3D('',#2805,#2254,#2255);
#2074=AXIS2_PLACEMENT_3D('',#2807,#2256,#2257);
#2075=AXIS2_PLACEMENT_3D('',#2808,#2258,#2259);
#2076=AXIS2_PLACEMENT_3D('',#2812,#2261,#2262);
#2077=AXIS2_PLACEMENT_3D('',#2814,#2263,#2264);
#2078=AXIS2_PLACEMENT_3D('',#2816,#2265,#2266);
#2079=AXIS2_PLACEMENT_3D('',#2818,#2267,#2268);
#2080=AXIS2_PLACEMENT_3D('',#2820,#2269,#2270);
#2081=AXIS2_PLACEMENT_3D('',#2822,#2271,#2272);
#2082=AXIS2_PLACEMENT_3D('',#2823,#2273,#2274);
#2083=AXIS2_PLACEMENT_3D('',#2837,#2282,#2283);
#2084=AXIS2_PLACEMENT_3D('',#2839,#2284,#2285);
#2085=AXIS2_PLACEMENT_3D('',#2841,#2286,#2287);
#2086=AXIS2_PLACEMENT_3D('',#2842,#2288,#2289);
#2087=AXIS2_PLACEMENT_3D('',#2843,#2290,#2291);
#2088=AXIS2_PLACEMENT_3D('',#2847,#2293,#2294);
#2089=AXIS2_PLACEMENT_3D('',#2859,#2300,#2301);
#2090=AXIS2_PLACEMENT_3D('',#2862,#2303,#2304);
#2091=AXIS2_PLACEMENT_3D('',#2864,#2305,#2306);
#2092=AXIS2_PLACEMENT_3D('',#2865,#2307,#2308);
#2093=AXIS2_PLACEMENT_3D('',#2867,#2310,#2311);
#2094=AXIS2_PLACEMENT_3D('',#2869,#2313,#2314);
#2095=AXIS2_PLACEMENT_3D('',#2873,#2317,#2318);
#2096=AXIS2_PLACEMENT_3D('',#2877,#2321,#2322);
#2097=AXIS2_PLACEMENT_3D('',#2879,#2324,#2325);
#2098=AXIS2_PLACEMENT_3D('',#2882,#2326,#2327);
#2099=AXIS2_PLACEMENT_3D('',#2885,#2329,#2330);
#2100=AXIS2_PLACEMENT_3D('',#2886,#2331,#2332);
#2101=AXIS2_PLACEMENT_3D('',#2888,#2333,#2334);
#2102=AXIS2_PLACEMENT_3D('',#2891,#2336,#2337);
#2103=AXIS2_PLACEMENT_3D('',#2892,#2338,#2339);
#2104=AXIS2_PLACEMENT_3D('',#2895,#2340,#2341);
#2105=AXIS2_PLACEMENT_3D('',#2899,#2343,#2344);
#2106=AXIS2_PLACEMENT_3D('',#2901,#2346,#2347);
#2107=AXIS2_PLACEMENT_3D('',#2904,#2350,#2351);
#2108=AXIS2_PLACEMENT_3D('',#2909,#2354,#2355);
#2109=AXIS2_PLACEMENT_3D('',#2910,#2356,#2357);
#2110=AXIS2_PLACEMENT_3D('',#2914,#2359,#2360);
#2111=AXIS2_PLACEMENT_3D('',#2916,#2361,#2362);
#2112=AXIS2_PLACEMENT_3D('',#2919,#2364,#2365);
#2113=AXIS2_PLACEMENT_3D('',#2920,#2366,#2367);
#2114=AXIS2_PLACEMENT_3D('',#2924,#2370,#2371);
#2115=AXIS2_PLACEMENT_3D('',#2928,#2374,#2375);
#2116=AXIS2_PLACEMENT_3D('',#2930,#2376,#2377);
#2117=AXIS2_PLACEMENT_3D('',#2932,#2378,#2379);
#2118=AXIS2_PLACEMENT_3D('',#2936,#2381,#2382);
#2119=AXIS2_PLACEMENT_3D('',#2940,#2384,#2385);
#2120=AXIS2_PLACEMENT_3D('',#2943,#2387,#2388);
#2121=AXIS2_PLACEMENT_3D('',#2944,#2389,#2390);
#2122=AXIS2_PLACEMENT_3D('',#2946,#2391,#2392);
#2123=AXIS2_PLACEMENT_3D('',#2949,#2394,#2395);
#2124=AXIS2_PLACEMENT_3D('',#2950,#2396,#2397);
#2125=AXIS2_PLACEMENT_3D('',#2965,#2398,#2399);
#2126=AXIS2_PLACEMENT_3D('',#2969,#2402,#2403);
#2127=AXIS2_PLACEMENT_3D('',#2978,#2407,#2408);
#2128=AXIS2_PLACEMENT_3D('',#2995,#2410,#2411);
#2129=AXIS2_PLACEMENT_3D('',#2997,#2412,#2413);
#2130=AXIS2_PLACEMENT_3D('',#3000,#2415,#2416);
#2131=AXIS2_PLACEMENT_3D('',#3001,#2417,#2418);
#2132=AXIS2_PLACEMENT_3D('',#3004,#2419,#2420);
#2133=AXIS2_PLACEMENT_3D('',#3008,#2422,#2423);
#2134=AXIS2_PLACEMENT_3D('',#3010,#2425,#2426);
#2135=AXIS2_PLACEMENT_3D('',#3013,#2427,#2428);
#2136=AXIS2_PLACEMENT_3D('',#3020,#2433,#2434);
#2137=AXIS2_PLACEMENT_3D('',#3026,#2438,#2439);
#2138=AXIS2_PLACEMENT_3D('',#3030,#2442,#2443);
#2139=AXIS2_PLACEMENT_3D('',#3033,#2445,#2446);
#2140=AXIS2_PLACEMENT_3D('',#3034,#2447,#2448);
#2141=AXIS2_PLACEMENT_3D('',#3044,#2453,#2454);
#2142=AXIS2_PLACEMENT_3D('',#3108,#2466,#2467);
#2143=AXIS2_PLACEMENT_3D('',#3110,#2469,#2470);
#2144=AXIS2_PLACEMENT_3D('',#3116,#2474,#2475);
#2145=AXIS2_PLACEMENT_3D('',#3118,#2476,#2477);
#2146=AXIS2_PLACEMENT_3D('',#3120,#2479,#2480);
#2147=AXIS2_PLACEMENT_3D('',#3121,#2481,#2482);
#2148=AXIS2_PLACEMENT_3D('',#3123,#2483,#2484);
#2149=AXIS2_PLACEMENT_3D('',#3126,#2486,#2487);
#2150=AXIS2_PLACEMENT_3D('',#3128,#2488,#2489);
#2151=AXIS2_PLACEMENT_3D('',#3129,#2490,#2491);
#2152=AXIS2_PLACEMENT_3D('',#3130,#2492,#2493);
#2153=AXIS2_PLACEMENT_3D('',#3142,#2494,#2495);
#2154=AXIS2_PLACEMENT_3D('',#3146,#2498,#2499);
#2155=AXIS2_PLACEMENT_3D('',#3152,#2501,#2502);
#2156=AXIS2_PLACEMENT_3D('',#3165,#2509,#2510);
#2157=AXIS2_PLACEMENT_3D('',#3173,#2515,#2516);
#2158=AXIS2_PLACEMENT_3D('',#3180,#2519,#2520);
#2159=AXIS2_PLACEMENT_3D('',#3186,#2524,#2525);
#2160=AXIS2_PLACEMENT_3D('',#3190,#2528,#2529);
#2161=AXIS2_PLACEMENT_3D('',#3198,#2533,#2534);
#2162=AXIS2_PLACEMENT_3D('',#3204,#2538,#2539);
#2163=AXIS2_PLACEMENT_3D('',#3206,#2541,#2542);
#2164=AXIS2_PLACEMENT_3D('',#3207,#2543,#2544);
#2165=AXIS2_PLACEMENT_3D('',#3210,#2547,#2548);
#2166=AXIS2_PLACEMENT_3D('',#3212,#2550,#2551);
#2167=AXIS2_PLACEMENT_3D('',#3213,#2552,#2553);
#2168=AXIS2_PLACEMENT_3D('',#3214,#2554,#2555);
#2169=AXIS2_PLACEMENT_3D('',#3220,#2559,#2560);
#2170=AXIS2_PLACEMENT_3D('',#3226,#2564,#2565);
#2171=AXIS2_PLACEMENT_3D('',#3228,#2567,#2568);
#2172=AXIS2_PLACEMENT_3D('',#3230,#2569,#2570);
#2173=AXIS2_PLACEMENT_3D('',#3232,#2572,#2573);
#2174=AXIS2_PLACEMENT_3D('',#3234,#2574,#2575);
#2175=AXIS2_PLACEMENT_3D('',#3236,#2577,#2578);
#2176=AXIS2_PLACEMENT_3D('',#3238,#2579,#2580);
#2177=AXIS2_PLACEMENT_3D('',#3240,#2582,#2583);
#2178=AXIS2_PLACEMENT_3D('',#3242,#2584,#2585);
#2179=AXIS2_PLACEMENT_3D('',#3244,#2587,#2588);
#2180=AXIS2_PLACEMENT_3D('',#3246,#2589,#2590);
#2181=AXIS2_PLACEMENT_3D('',#3248,#2592,#2593);
#2182=AXIS2_PLACEMENT_3D('',#3250,#2594,#2595);
#2183=AXIS2_PLACEMENT_3D('',#3252,#2597,#2598);
#2184=AXIS2_PLACEMENT_3D('',#3255,#2600,#2601);
#2185=AXIS2_PLACEMENT_3D('',#3256,#2602,#2603);
#2186=AXIS2_PLACEMENT_3D('',#3257,#2604,#2605);
#2187=AXIS2_PLACEMENT_3D('',#3258,#2606,#2607);
#2188=AXIS2_PLACEMENT_3D('',#3260,#2608,#2609);
#2189=AXIS2_PLACEMENT_3D('',#3262,#2611,#2612);
#2190=AXIS2_PLACEMENT_3D('',#3265,#2613,#2614);
#2191=AXIS2_PLACEMENT_3D('',#3269,#2616,#2617);
#2192=AXIS2_PLACEMENT_3D('',#3278,#2622,#2623);
#2193=AXIS2_PLACEMENT_3D('',#3279,#2624,#2625);
#2194=AXIS2_PLACEMENT_3D('',#3281,#2627,#2628);
#2195=AXIS2_PLACEMENT_3D('',#3283,#2629,#2630);
#2196=AXIS2_PLACEMENT_3D('',#3285,#2632,#2633);
#2197=AXIS2_PLACEMENT_3D('',#3287,#2634,#2635);
#2198=AXIS2_PLACEMENT_3D('',#3289,#2637,#2638);
#2199=AXIS2_PLACEMENT_3D('',#3291,#2640,#2641);
#2200=AXIS2_PLACEMENT_3D('',#3299,#2646,#2647);
#2201=AXIS2_PLACEMENT_3D('',#3301,#2649,#2650);
#2202=AXIS2_PLACEMENT_3D('',#3305,#2653,#2654);
#2203=AXIS2_PLACEMENT_3D('',#3309,#2655,#2656);
#2204=AXIS2_PLACEMENT_3D('',#3313,#2657,#2658);
#2205=AXIS2_PLACEMENT_3D('',#3319,#2660,#2661);
#2206=AXIS2_PLACEMENT_3D('',#3324,#2665,#2666);
#2207=AXIS2_PLACEMENT_3D('',#3325,#2667,#2668);
#2208=AXIS2_PLACEMENT_3D('',#3329,#2671,#2672);
#2209=AXIS2_PLACEMENT_3D('',#3333,#2675,#2676);
#2210=AXIS2_PLACEMENT_3D('',#3334,#2677,#2678);
#2211=AXIS2_PLACEMENT_3D('',#3336,#2680,#2681);
#2212=AXIS2_PLACEMENT_3D('',#3337,#2682,#2683);
#2213=AXIS2_PLACEMENT_3D('',#3340,#2686,#2687);
#2214=AXIS2_PLACEMENT_3D('',#3342,#2689,#2690);
#2215=AXIS2_PLACEMENT_3D('',#3344,#2692,#2693);
#2216=AXIS2_PLACEMENT_3D('',#3345,#2694,#2695);
#2217=AXIS2_PLACEMENT_3D('',#3348,#2698,#2699);
#2218=AXIS2_PLACEMENT_3D('',#3349,#2700,#2701);
#2219=AXIS2_PLACEMENT_3D('',#3355,#2705,#2706);
#2220=AXIS2_PLACEMENT_3D('',#3359,#2709,#2710);
#2221=AXIS2_PLACEMENT_3D('',#3361,#2712,#2713);
#2222=AXIS2_PLACEMENT_3D('',#3362,#2714,#2715);
#2223=AXIS2_PLACEMENT_3D('',#3363,#2716,#2717);
#2224=AXIS2_PLACEMENT_3D('',#3369,#2721,#2722);
#2225=AXIS2_PLACEMENT_3D('',#3371,#2724,#2725);
#2226=AXIS2_PLACEMENT_3D('',#3372,#2726,#2727);
#2227=AXIS2_PLACEMENT_3D('',#3373,#2728,#2729);
#2228=AXIS2_PLACEMENT_3D('',#3411,#2734,#2735);
#2229=AXIS2_PLACEMENT_3D('',#3415,#2738,#2739);
#2230=AXIS2_PLACEMENT_3D('',#3419,#2742,#2743);
#2231=AXIS2_PLACEMENT_3D('',#3440,#2747,#2748);
#2232=AXIS2_PLACEMENT_3D('',#3478,#2753,#2754);
#2233=AXIS2_PLACEMENT_3D('',#3516,#2759,#2760);
#2234=AXIS2_PLACEMENT_3D('',#3518,#2762,#2763);
#2235=AXIS2_PLACEMENT_3D('',#3519,#2764,#2765);
#2236=AXIS2_PLACEMENT_3D('',#3525,#2769,#2770);
#2237=AXIS2_PLACEMENT_3D('',#3528,#2773,#2774);
#2238=AXIS2_PLACEMENT_3D('',#3529,#2775,#2776);
#2239=AXIS2_PLACEMENT_3D('',#3531,#2778,#2779);
#2240=AXIS2_PLACEMENT_3D('',#3532,#2780,#2781);
#2241=AXIS2_PLACEMENT_3D('',#3534,#2782,#2783);
#2242=AXIS2_PLACEMENT_3D('',#3535,#2784,#2785);
#2243=AXIS2_PLACEMENT_3D('',#3537,#2787,#2788);
#2244=AXIS2_PLACEMENT_3D('',#3539,#2789,#2790);
#2245=AXIS2_PLACEMENT_3D('',#3540,#2791,#2792);
#2246=AXIS2_PLACEMENT_3D('',#3542,#2794,#2795);
#2247=AXIS2_PLACEMENT_3D('',#3544,#2796,#2797);
#2248=AXIS2_PLACEMENT_3D('',#3545,#2798,#2799);
#2249=AXIS2_PLACEMENT_3D('',#3547,#2801,#2802);
#2250=DIRECTION('axis',(0.,0.,1.));
#2251=DIRECTION('refdir',(1.,0.,0.));
#2252=DIRECTION('axis',(0.,0.,1.));
#2253=DIRECTION('refdir',(1.,0.,0.));
#2254=DIRECTION('center_axis',(-1.,1.06111761411385E-31,6.16297582203934E-32));
#2255=DIRECTION('ref_axis',(6.16297582203915E-32,-5.62050406216486E-15,
1.));
#2256=DIRECTION('center_axis',(1.,-1.06111761411385E-31,-6.16297582203934E-32));
#2257=DIRECTION('ref_axis',(6.3754922296957E-32,-5.62050406216486E-15,1.));
#2258=DIRECTION('center_axis',(-1.,1.06111761411385E-31,6.16297582203934E-32));
#2259=DIRECTION('ref_axis',(6.16297582203915E-32,-5.62050406216486E-15,
1.));
#2260=DIRECTION('',(-6.16297582203934E-32,-4.1895208476421E-17,-1.));
#2261=DIRECTION('center_axis',(1.,-1.06111761411385E-31,-6.16297582203934E-32));
#2262=DIRECTION('ref_axis',(6.60318838075624E-32,-5.62050406216486E-15,
1.));
#2263=DIRECTION('center_axis',(-1.,-6.16297582203934E-32,1.06111761411385E-31));
#2264=DIRECTION('ref_axis',(0.,-1.,-5.80420108203696E-15));
#2265=DIRECTION('center_axis',(-1.,-1.06111761411385E-31,-6.16297582203934E-32));
#2266=DIRECTION('ref_axis',(0.,5.74296874207959E-15,-1.));
#2267=DIRECTION('center_axis',(-1.,6.16297582203934E-32,-1.06111761411385E-31));
#2268=DIRECTION('ref_axis',(0.,1.,5.68173640212223E-15));
#2269=DIRECTION('center_axis',(-1.,1.06111761411385E-31,6.16297582203934E-32));
#2270=DIRECTION('ref_axis',(0.,-5.62050406216486E-15,1.));
#2271=DIRECTION('center_axis',(-1.,1.06111761411385E-31,6.16297582203934E-32));
#2272=DIRECTION('ref_axis',(0.,5.62050406216486E-15,-1.));
#2273=DIRECTION('center_axis',(0.,-1.,4.1895208476421E-17));
#2274=DIRECTION('ref_axis',(0.,-4.1895208476421E-17,-1.));
#2275=DIRECTION('',(1.,0.,0.));
#2276=DIRECTION('',(-1.,0.,0.));
#2277=DIRECTION('',(0.,4.1895208476421E-17,1.));
#2278=DIRECTION('',(1.,0.,0.));
#2279=DIRECTION('',(0.,-4.1895208476421E-17,-1.));
#2280=DIRECTION('',(1.,0.,0.));
#2281=DIRECTION('',(0.,4.1895208476421E-17,1.));
#2282=DIRECTION('center_axis',(1.,0.,0.));
#2283=DIRECTION('ref_axis',(0.,1.,1.07736524092004E-16));
#2284=DIRECTION('center_axis',(0.707106781186543,0.707106781186552,-2.96243860129016E-17));
#2285=DIRECTION('ref_axis',(0.707106781186552,-0.707106781186543,-3.97429653604328E-15));
#2286=DIRECTION('center_axis',(0.707106781186543,0.707106781186552,-2.96243860129016E-17));
#2287=DIRECTION('ref_axis',(0.707106781186552,-0.707106781186543,-3.97429653604328E-15));
#2288=DIRECTION('center_axis',(1.,-1.06111761411385E-31,-6.16297582203934E-32));
#2289=DIRECTION('ref_axis',(0.,-5.62050406216486E-15,1.));
#2290=DIRECTION('center_axis',(-1.,1.06111761411385E-31,6.16297582203934E-32));
#2291=DIRECTION('ref_axis',(6.16297582203915E-32,-5.62050406216486E-15,
1.));
#2292=DIRECTION('',(0.,-4.1895208476421E-17,-1.));
#2293=DIRECTION('center_axis',(1.,0.,0.));
#2294=DIRECTION('ref_axis',(0.,1.,0.));
#2295=DIRECTION('',(0.,-0.898485560736243,0.43900307191235));
#2296=DIRECTION('',(-1.21361925524633E-31,-1.,0.));
#2297=DIRECTION('',(9.86076131526284E-32,0.,1.));
#2298=DIRECTION('',(1.21361925524633E-31,1.,0.));
#2299=DIRECTION('',(0.,0.898485560736242,0.439003071912352));
#2300=DIRECTION('center_axis',(1.,0.,0.));
#2301=DIRECTION('ref_axis',(0.,1.,0.));
#2302=DIRECTION('',(0.,-4.1895208476421E-17,-1.));
#2303=DIRECTION('center_axis',(-1.,0.,0.));
#2304=DIRECTION('ref_axis',(0.,0.,-1.));
#2305=DIRECTION('center_axis',(-1.,0.,0.));
#2306=DIRECTION('ref_axis',(0.,0.,-1.));
#2307=DIRECTION('center_axis',(-0.707106781186543,-0.707106781186552,2.96243860129016E-17));
#2308=DIRECTION('ref_axis',(4.18952084764216E-17,0.,1.));
#2309=DIRECTION('',(0.707106781186551,-0.707106781186544,0.));
#2310=DIRECTION('center_axis',(-0.707106781186543,-0.707106781186552,2.96243860129016E-17));
#2311=DIRECTION('ref_axis',(4.18952084764216E-17,0.,1.));
#2312=DIRECTION('',(0.707106781186552,-0.707106781186543,0.));
#2313=DIRECTION('center_axis',(0.,0.,-1.));
#2314=DIRECTION('ref_axis',(-1.,0.,0.));
#2315=DIRECTION('',(1.,0.,0.));
#2316=DIRECTION('',(0.488603368931843,0.87250601594972,0.));
#2317=DIRECTION('center_axis',(0.,1.,0.));
#2318=DIRECTION('ref_axis',(0.,0.,1.));
#2319=DIRECTION('',(-1.,0.,0.));
#2320=DIRECTION('',(-1.31383373782056E-15,0.,1.));
#2321=DIRECTION('center_axis',(0.,0.,1.));
#2322=DIRECTION('ref_axis',(1.,0.,0.));
#2323=DIRECTION('',(-0.488603368931843,-0.87250601594972,0.));
#2324=DIRECTION('center_axis',(-1.,0.,0.));
#2325=DIRECTION('ref_axis',(0.,0.,-1.));
#2326=DIRECTION('center_axis',(0.707106781186535,0.,0.70710678118656));
#2327=DIRECTION('ref_axis',(0.70710678118656,0.,-0.707106781186535));
#2328=DIRECTION('',(-1.,0.,0.));
#2329=DIRECTION('center_axis',(-1.,0.,0.));
#2330=DIRECTION('ref_axis',(0.,0.,-1.));
#2331=DIRECTION('center_axis',(-1.,0.,0.));
#2332=DIRECTION('ref_axis',(0.,0.,-1.));
#2333=DIRECTION('center_axis',(1.,0.,0.));
#2334=DIRECTION('ref_axis',(0.,0.,-1.));
#2335=DIRECTION('',(1.,0.,0.));
#2336=DIRECTION('center_axis',(-1.,0.,0.));
#2337=DIRECTION('ref_axis',(0.,0.,-1.));
#2338=DIRECTION('center_axis',(-1.,0.,0.));
#2339=DIRECTION('ref_axis',(0.,1.,0.));
#2340=DIRECTION('center_axis',(1.,0.,0.));
#2341=DIRECTION('ref_axis',(0.,1.,0.));
#2342=DIRECTION('',(1.,0.,0.));
#2343=DIRECTION('center_axis',(-1.,0.,0.));
#2344=DIRECTION('ref_axis',(0.,1.,0.));
#2345=DIRECTION('',(-1.,0.,0.));
#2346=DIRECTION('center_axis',(0.,0.,1.));
#2347=DIRECTION('ref_axis',(0.,1.,0.));
#2348=DIRECTION('',(0.,-1.,0.));
#2349=DIRECTION('',(0.,1.,0.));
#2350=DIRECTION('center_axis',(-1.,0.,0.));
#2351=DIRECTION('ref_axis',(0.,0.,1.));
#2352=DIRECTION('',(0.,-0.939692620785909,-0.342020143325669));
#2353=DIRECTION('',(0.,-0.441412010778829,-0.897304539574046));
#2354=DIRECTION('center_axis',(1.,0.,0.));
#2355=DIRECTION('ref_axis',(0.,0.,-1.));
#2356=DIRECTION('center_axis',(1.,0.,0.));
#2357=DIRECTION('ref_axis',(0.,-0.091013029666172,0.995849701727617));
#2358=DIRECTION('',(1.,0.,0.));
#2359=DIRECTION('center_axis',(-1.,0.,0.));
#2360=DIRECTION('ref_axis',(0.,0.,-1.));
#2361=DIRECTION('center_axis',(-0.707106781186535,0.,0.70710678118656));
#2362=DIRECTION('ref_axis',(-0.70710678118656,0.,-0.707106781186535));
#2363=DIRECTION('',(-1.,0.,0.));
#2364=DIRECTION('center_axis',(0.707106781186535,0.,0.70710678118656));
#2365=DIRECTION('ref_axis',(0.70710678118656,0.,-0.707106781186535));
#2366=DIRECTION('center_axis',(0.,0.897304539574046,-0.441412010778829));
#2367=DIRECTION('ref_axis',(0.,0.441412010778829,0.897304539574046));
#2368=DIRECTION('',(-1.,0.,0.));
#2369=DIRECTION('',(0.,0.441412010778829,0.897304539574046));
#2370=DIRECTION('center_axis',(0.,-0.342020143325669,0.939692620785908));
#2371=DIRECTION('ref_axis',(0.,-0.939692620785909,-0.342020143325669));
#2372=DIRECTION('',(1.,0.,0.));
#2373=DIRECTION('',(0.,0.939692620785909,0.342020143325669));
#2374=DIRECTION('center_axis',(1.,0.,0.));
#2375=DIRECTION('ref_axis',(0.,0.0035354145222189,-0.999993750402549));
#2376=DIRECTION('center_axis',(-1.,0.,0.));
#2377=DIRECTION('ref_axis',(0.,1.,0.));
#2378=DIRECTION('center_axis',(0.61695492050411,-0.345494755482302,0.707106781186541));
#2379=DIRECTION('ref_axis',(-0.786998491781126,-0.270845105332745,0.554325087698119));
#2380=DIRECTION('',(-1.,0.,0.));
#2381=DIRECTION('center_axis',(1.,0.,0.));
#2382=DIRECTION('ref_axis',(0.,1.,0.));
#2383=DIRECTION('',(-1.,0.,0.));
#2384=DIRECTION('center_axis',(-1.,0.,0.));
#2385=DIRECTION('ref_axis',(0.,1.,0.));
#2386=DIRECTION('',(1.,0.,0.));
#2387=DIRECTION('center_axis',(1.,0.,0.));
#2388=DIRECTION('ref_axis',(0.,-1.,0.));
#2389=DIRECTION('center_axis',(-1.,0.,0.));
#2390=DIRECTION('ref_axis',(0.,0.,1.));
#2391=DIRECTION('center_axis',(-1.,0.,0.));
#2392=DIRECTION('ref_axis',(0.,1.,0.));
#2393=DIRECTION('',(0.,1.,0.));
#2394=DIRECTION('center_axis',(1.,0.,0.));
#2395=DIRECTION('ref_axis',(0.,0.,-1.));
#2396=DIRECTION('center_axis',(-1.,0.,0.));
#2397=DIRECTION('ref_axis',(0.,1.,0.));
#2398=DIRECTION('center_axis',(0.707106781186544,0.241844762647976,-0.664463024388678));
#2399=DIRECTION('ref_axis',(-0.68479107877174,0.,-0.728739444818679));
#2400=DIRECTION('',(0.582622983827796,-0.7317528294852,0.353678180350442));
#2401=DIRECTION('',(-0.706953644788007,0.261348116037398,-0.657201419935057));
#2402=DIRECTION('center_axis',(0.,-0.435166312761633,-0.900350087597843));
#2403=DIRECTION('ref_axis',(-1.,0.,0.));
#2404=DIRECTION('',(0.582622983827796,0.7317528294852,-0.353678180350442));
#2405=DIRECTION('',(0.820303112429599,-0.514936343115188,0.248884242726354));
#2406=DIRECTION('',(0.820303112429599,0.514936343115188,-0.248884242726354));
#2407=DIRECTION('center_axis',(1.,0.,0.));
#2408=DIRECTION('ref_axis',(0.,1.,0.));
#2409=DIRECTION('',(0.707106781186595,0.7071067811865,0.));
#2410=DIRECTION('center_axis',(-1.,0.,0.));
#2411=DIRECTION('ref_axis',(0.,0.,-1.));
#2412=DIRECTION('center_axis',(1.,0.,0.));
#2413=DIRECTION('ref_axis',(0.,0.,-1.));
#2414=DIRECTION('',(1.,0.,0.));
#2415=DIRECTION('center_axis',(-1.,0.,0.));
#2416=DIRECTION('ref_axis',(0.,0.,-1.));
#2417=DIRECTION('center_axis',(-1.,0.,0.));
#2418=DIRECTION('ref_axis',(0.,1.,0.));
#2419=DIRECTION('center_axis',(1.,0.,0.));
#2420=DIRECTION('ref_axis',(0.,1.,0.));
#2421=DIRECTION('',(1.,0.,0.));
#2422=DIRECTION('center_axis',(-1.,0.,0.));
#2423=DIRECTION('ref_axis',(0.,1.,0.));
#2424=DIRECTION('',(-1.,0.,0.));
#2425=DIRECTION('center_axis',(-1.,0.,0.));
#2426=DIRECTION('ref_axis',(0.,0.,1.));
#2427=DIRECTION('center_axis',(1.,0.,0.));
#2428=DIRECTION('ref_axis',(0.,0.,-1.));
#2429=DIRECTION('',(0.,0.441412010778836,-0.897304539574043));
#2430=DIRECTION('',(0.,0.939692620785909,-0.342020143325669));
#2431=DIRECTION('',(0.,1.,0.));
#2432=DIRECTION('',(0.,0.721687836487032,0.692218655243173));
#2433=DIRECTION('center_axis',(0.,-0.342020143325669,-0.939692620785909));
#2434=DIRECTION('ref_axis',(0.,0.939692620785909,-0.342020143325669));
#2435=DIRECTION('',(1.,0.,0.));
#2436=DIRECTION('',(0.,-0.939692620785909,0.342020143325669));
#2437=DIRECTION('',(-1.,0.,0.));
#2438=DIRECTION('center_axis',(0.,0.897304539574043,0.441412010778836));
#2439=DIRECTION('ref_axis',(0.,-0.441412010778836,0.897304539574043));
#2440=DIRECTION('',(-1.,0.,0.));
#2441=DIRECTION('',(0.,0.441412010778836,-0.897304539574043));
#2442=DIRECTION('center_axis',(1.,0.,0.));
#2443=DIRECTION('ref_axis',(0.,0.,-1.));
#2444=DIRECTION('',(1.,0.,0.));
#2445=DIRECTION('center_axis',(-1.,0.,0.));
#2446=DIRECTION('ref_axis',(0.,0.,-1.));
#2447=DIRECTION('center_axis',(0.,0.,1.));
#2448=DIRECTION('ref_axis',(1.,0.,0.));
#2449=DIRECTION('',(0.707106781186552,0.707106781186543,0.));
#2450=DIRECTION('',(1.,0.,0.));
#2451=DIRECTION('',(0.,-1.,0.));
#2452=DIRECTION('',(1.,0.,0.));
#2453=DIRECTION('center_axis',(0.,0.,-1.));
#2454=DIRECTION('ref_axis',(-0.505666209602814,0.862729206916007,0.));
#2455=DIRECTION('',(0.488603368931843,0.87250601594972,0.));
#2456=DIRECTION('',(1.,0.,0.));
#2457=DIRECTION('',(0.707106781186552,-0.707106781186543,0.));
#2458=DIRECTION('',(0.,-1.,0.));
#2459=DIRECTION('',(-1.,0.,0.));
#2460=DIRECTION('',(1.,-8.88178419700125E-16,0.));
#2461=DIRECTION('',(-8.88178419700125E-16,-1.,0.));
#2462=DIRECTION('',(-1.,8.88178419700125E-16,0.));
#2463=DIRECTION('',(-1.,8.88178419700125E-16,0.));
#2464=DIRECTION('',(8.88178419700125E-16,1.,0.));
#2465=DIRECTION('',(1.,-8.88178419700125E-16,0.));
#2466=DIRECTION('center_axis',(1.,0.,0.));
#2467=DIRECTION('ref_axis',(0.,-5.62050406216486E-15,1.));
#2468=DIRECTION('',(1.,0.,0.));
#2469=DIRECTION('center_axis',(-0.87250601594972,0.488603368931843,-1.14632784020615E-15));
#2470=DIRECTION('ref_axis',(0.488603368931843,0.87250601594972,-2.08352063163558E-15));
#2471=DIRECTION('',(-0.488603368931843,-0.87250601594972,0.));
#2472=DIRECTION('',(-1.31383373782056E-15,0.,1.));
#2473=DIRECTION('',(0.488603368931843,0.87250601594972,0.));
#2474=DIRECTION('center_axis',(-1.,0.,0.));
#2475=DIRECTION('ref_axis',(0.,5.62050406216486E-15,-1.));
#2476=DIRECTION('center_axis',(-1.,0.,0.));
#2477=DIRECTION('ref_axis',(0.,5.62050406216486E-15,-1.));
#2478=DIRECTION('',(-1.,0.,0.));
#2479=DIRECTION('center_axis',(1.,0.,0.));
#2480=DIRECTION('ref_axis',(0.,1.,0.));
#2481=DIRECTION('center_axis',(1.,0.,0.));
#2482=DIRECTION('ref_axis',(0.,1.,0.));
#2483=DIRECTION('center_axis',(-1.,0.,0.));
#2484=DIRECTION('ref_axis',(0.,1.,0.));
#2485=DIRECTION('',(1.,0.,0.));
#2486=DIRECTION('center_axis',(1.,0.,0.));
#2487=DIRECTION('ref_axis',(0.,1.,0.));
#2488=DIRECTION('center_axis',(-0.616954920504109,0.345494755482301,0.707106781186543));
#2489=DIRECTION('ref_axis',(0.786998491781127,0.270845105332744,0.554325087698118));
#2490=DIRECTION('center_axis',(-1.,0.,0.));
#2491=DIRECTION('ref_axis',(0.,1.,0.));
#2492=DIRECTION('center_axis',(1.,0.,0.));
#2493=DIRECTION('ref_axis',(0.,1.,0.));
#2494=DIRECTION('center_axis',(-0.707106781186544,0.241844762647976,0.664463024388678));
#2495=DIRECTION('ref_axis',(0.68479107877174,0.,0.728739444818679));
#2496=DIRECTION('',(-0.5826229838278,-0.731752829485194,-0.353678180350448));
#2497=DIRECTION('',(0.706953644788006,0.261348116037401,0.657201419935056));
#2498=DIRECTION('center_axis',(0.,-0.435166312761642,0.900350087597839));
#2499=DIRECTION('ref_axis',(1.,0.,0.));
#2500=DIRECTION('',(-0.8203031124296,0.514936343115183,0.248884242726358));
#2501=DIRECTION('center_axis',(0.,0.707106781186579,0.707106781186516));
#2502=DIRECTION('ref_axis',(1.,0.,0.));
#2503=DIRECTION('',(-0.577350269189585,0.577350269189621,-0.577350269189672));
#2504=DIRECTION('',(0.,0.707106781186516,-0.707106781186579));
#2505=DIRECTION('',(1.,0.,0.));
#2506=DIRECTION('',(-0.577350269189598,-0.577350269189614,0.577350269189665));
#2507=DIRECTION('',(-1.,0.,0.));
#2508=DIRECTION('',(-0.577350269189615,-0.577350269189605,0.577350269189657));
#2509=DIRECTION('center_axis',(0.70710678118657,0.707106781186526,5.9248772025801E-17));
#2510=DIRECTION('ref_axis',(8.37904169528368E-17,0.,-1.));
#2511=DIRECTION('',(0.,8.3790416952842E-17,-1.));
#2512=DIRECTION('',(-0.577350269189581,0.577350269189617,0.577350269189679));
#2513=DIRECTION('',(-0.707106781186526,0.707106781186569,0.));
#2514=DIRECTION('',(0.,-8.3790416952842E-17,1.));
#2515=DIRECTION('center_axis',(-0.707106781186541,0.707106781186554,5.92487720258034E-17));
#2516=DIRECTION('ref_axis',(8.37904169528435E-17,0.,1.));
#2517=DIRECTION('',(0.,8.3790416952842E-17,-1.));
#2518=DIRECTION('',(-0.577350269189612,-0.577350269189602,-0.577350269189663));
#2519=DIRECTION('center_axis',(0.,-0.692218655243173,-0.721687836487032));
#2520=DIRECTION('ref_axis',(-1.,0.,0.));
#2521=DIRECTION('',(0.569160488765556,0.593390829096919,-0.569160488765536));
#2522=DIRECTION('',(0.569160488765556,-0.593390829096919,0.569160488765536));
#2523=DIRECTION('',(1.,0.,0.));
#2524=DIRECTION('center_axis',(-0.707106781186535,0.,-0.70710678118656));
#2525=DIRECTION('ref_axis',(-0.70710678118656,0.,0.707106781186535));
#2526=DIRECTION('',(0.,1.,0.));
#2527=DIRECTION('',(0.57735026918966,-0.577350269189578,-0.577350269189639));
#2528=DIRECTION('center_axis',(0.,0.,-1.));
#2529=DIRECTION('ref_axis',(-1.,0.,0.));
#2530=DIRECTION('',(0.,-1.,0.));
#2531=DIRECTION('',(1.,0.,0.));
#2532=DIRECTION('',(-0.488603368931843,-0.87250601594972,0.));
#2533=DIRECTION('center_axis',(0.,0.,1.));
#2534=DIRECTION('ref_axis',(-0.505666209602814,0.862729206916007,0.));
#2535=DIRECTION('',(-1.,0.,0.));
#2536=DIRECTION('',(0.,1.,0.));
#2537=DIRECTION('',(-1.,0.,0.));
#2538=DIRECTION('center_axis',(-0.284915823427224,-0.745250404874429,-0.602847250632602));
#2539=DIRECTION('ref_axis',(-0.904110805286332,0.,0.427298083033964));
#2540=DIRECTION('',(-0.706953644788006,-0.261348116037397,0.657201419935058));
#2541=DIRECTION('center_axis',(0.284915823427221,-0.74525040487443,-0.602847250632601));
#2542=DIRECTION('ref_axis',(-0.904110805286334,0.,-0.42729808303396));
#2543=DIRECTION('center_axis',(0.299201645012777,0.299055019940373,-0.906115042734702));
#2544=DIRECTION('ref_axis',(-0.949571349698334,0.,-0.313551035450505));
#2545=DIRECTION('',(-0.812742553774322,-0.417659367911795,-0.406214467590597));
#2546=DIRECTION('',(0.404271770691951,0.820444191181338,0.404271770691937));
#2547=DIRECTION('center_axis',(0.,0.697216688778394,-0.716860438920221));
#2548=DIRECTION('ref_axis',(-1.,0.,0.));
#2549=DIRECTION('',(-0.369511330324437,0.666125519329974,0.647872031545766));
#2550=DIRECTION('center_axis',(0.707106781186535,0.,-0.70710678118656));
#2551=DIRECTION('ref_axis',(-0.70710678118656,0.,-0.707106781186535));
#2552=DIRECTION('center_axis',(-0.707106781186544,0.241844762647976,-0.664463024388678));
#2553=DIRECTION('ref_axis',(-0.68479107877174,0.,0.728739444818679));
#2554=DIRECTION('center_axis',(0.,-1.,-8.3790416952842E-17));
#2555=DIRECTION('ref_axis',(0.,-8.3790416952842E-17,1.));
#2556=DIRECTION('',(0.,8.3790416952842E-17,-1.));
#2557=DIRECTION('',(-1.,0.,0.));
#2558=DIRECTION('',(0.,-8.3790416952842E-17,1.));
#2559=DIRECTION('center_axis',(0.,0.,-1.));
#2560=DIRECTION('ref_axis',(1.,0.,0.));
#2561=DIRECTION('',(0.,-1.,0.));
#2562=DIRECTION('',(-1.,0.,0.));
#2563=DIRECTION('',(0.,-1.,0.));
#2564=DIRECTION('center_axis',(0.,-0.692218655243173,0.721687836487032));
#2565=DIRECTION('ref_axis',(1.,0.,0.));
#2566=DIRECTION('',(0.,0.721687836487032,0.692218655243173));
#2567=DIRECTION('center_axis',(-1.,0.,0.));
#2568=DIRECTION('ref_axis',(0.,0.,-1.));
#2569=DIRECTION('center_axis',(1.,0.,0.));
#2570=DIRECTION('ref_axis',(0.,0.,-1.));
#2571=DIRECTION('',(-0.707106781186554,-8.65956056235486E-17,0.707106781186541));
#2572=DIRECTION('center_axis',(1.,0.,0.));
#2573=DIRECTION('ref_axis',(0.,0.,-1.));
#2574=DIRECTION('center_axis',(-1.,0.,0.));
#2575=DIRECTION('ref_axis',(0.,0.,-1.));
#2576=DIRECTION('',(-1.,0.,0.));
#2577=DIRECTION('center_axis',(-1.,0.,0.));
#2578=DIRECTION('ref_axis',(0.,0.,-1.));
#2579=DIRECTION('center_axis',(1.,0.,0.));
#2580=DIRECTION('ref_axis',(0.,0.,-1.));
#2581=DIRECTION('',(-0.707106781186554,-8.65956056235486E-17,0.707106781186541));
#2582=DIRECTION('center_axis',(1.,0.,0.));
#2583=DIRECTION('ref_axis',(0.,0.,-1.));
#2584=DIRECTION('center_axis',(-1.,0.,0.));
#2585=DIRECTION('ref_axis',(0.,0.,-1.));
#2586=DIRECTION('',(-1.,0.,0.));
#2587=DIRECTION('center_axis',(-1.,0.,0.));
#2588=DIRECTION('ref_axis',(0.,0.,-1.));
#2589=DIRECTION('center_axis',(1.,0.,0.));
#2590=DIRECTION('ref_axis',(0.,0.,-1.));
#2591=DIRECTION('',(-0.707106781186554,-8.65956056235486E-17,0.707106781186541));
#2592=DIRECTION('center_axis',(1.,0.,0.));
#2593=DIRECTION('ref_axis',(0.,0.,-1.));
#2594=DIRECTION('center_axis',(-1.,0.,0.));
#2595=DIRECTION('ref_axis',(0.,0.,-1.));
#2596=DIRECTION('',(-1.,0.,0.));
#2597=DIRECTION('center_axis',(1.,0.,0.));
#2598=DIRECTION('ref_axis',(0.,0.,-1.));
#2599=DIRECTION('',(0.707106781186554,8.65956056235486E-17,0.707106781186541));
#2600=DIRECTION('center_axis',(1.,0.,0.));
#2601=DIRECTION('ref_axis',(0.,0.,-1.));
#2602=DIRECTION('center_axis',(-1.,0.,0.));
#2603=DIRECTION('ref_axis',(0.,0.,1.));
#2604=DIRECTION('center_axis',(-1.,0.,0.));
#2605=DIRECTION('ref_axis',(0.,1.,0.));
#2606=DIRECTION('center_axis',(1.,0.,0.));
#2607=DIRECTION('ref_axis',(0.,0.,-1.));
#2608=DIRECTION('center_axis',(1.,0.,0.));
#2609=DIRECTION('ref_axis',(0.,0.,-1.));
#2610=DIRECTION('',(-0.707106781186548,8.65956056235493E-17,-0.707106781186548));
#2611=DIRECTION('center_axis',(1.,0.,0.));
#2612=DIRECTION('ref_axis',(0.,0.,-1.));
#2613=DIRECTION('center_axis',(-1.,0.,0.));
#2614=DIRECTION('ref_axis',(0.,1.,0.));
#2615=DIRECTION('',(0.,4.1895208476421E-17,1.));
#2616=DIRECTION('center_axis',(-1.,0.,0.));
#2617=DIRECTION('ref_axis',(0.,-1.,0.));
#2618=DIRECTION('',(0.,8.3790416952842E-17,-1.));
#2619=DIRECTION('',(0.,-0.737038379312937,-0.67585089141005));
#2620=DIRECTION('',(0.,0.,-1.));
#2621=DIRECTION('',(0.,1.,0.));
#2622=DIRECTION('center_axis',(1.,0.,0.));
#2623=DIRECTION('ref_axis',(0.,0.,-1.));
#2624=DIRECTION('center_axis',(1.,0.,0.));
#2625=DIRECTION('ref_axis',(0.,0.,-1.));
#2626=DIRECTION('',(-0.707106781186548,8.65956056235493E-17,-0.707106781186548));
#2627=DIRECTION('center_axis',(-1.,0.,0.));
#2628=DIRECTION('ref_axis',(0.,0.,-1.));
#2629=DIRECTION('center_axis',(1.,0.,0.));
#2630=DIRECTION('ref_axis',(0.,0.,-1.));
#2631=DIRECTION('',(-0.707106781186554,-8.65956056235486E-17,0.707106781186541));
#2632=DIRECTION('center_axis',(1.,0.,0.));
#2633=DIRECTION('ref_axis',(0.,0.,-1.));
#2634=DIRECTION('center_axis',(-1.,0.,0.));
#2635=DIRECTION('ref_axis',(0.,0.,-1.));
#2636=DIRECTION('',(-1.,0.,0.));
#2637=DIRECTION('center_axis',(1.,0.,0.));
#2638=DIRECTION('ref_axis',(0.,0.,-1.));
#2639=DIRECTION('',(0.707106781186554,8.65956056235486E-17,0.707106781186541));
#2640=DIRECTION('center_axis',(-0.707106781186559,0.477898748387012,-0.521164836006912));
#2641=DIRECTION('ref_axis',(-0.593301433304929,0.,0.804980378169752));
#2642=DIRECTION('',(0.,0.737038379312937,0.67585089141005));
#2643=DIRECTION('',(-0.559957075112836,-0.828521619531487,0.));
#2644=DIRECTION('',(0.,-0.737038379312937,-0.67585089141005));
#2645=DIRECTION('',(-0.675209811274697,-0.675209811274709,0.296956935458259));
#2646=DIRECTION('center_axis',(-0.707106781186557,0.707106781186538,5.92487720258021E-17));
#2647=DIRECTION('ref_axis',(8.37904169528398E-17,0.,1.));
#2648=DIRECTION('',(0.,-8.3790416952842E-17,1.));
#2649=DIRECTION('center_axis',(1.,0.,0.));
#2650=DIRECTION('ref_axis',(0.,0.,1.));
#2651=DIRECTION('',(0.,0.,-1.));
#2652=DIRECTION('',(0.,-1.,0.));
#2653=DIRECTION('center_axis',(1.,0.,0.));
#2654=DIRECTION('ref_axis',(0.,1.,0.));
#2655=DIRECTION('center_axis',(1.,0.,0.));
#2656=DIRECTION('ref_axis',(0.,1.,0.));
#2657=DIRECTION('center_axis',(-1.,0.,0.));
#2658=DIRECTION('ref_axis',(0.,1.,0.));
#2659=DIRECTION('',(0.707106781186548,0.707106781186548,0.));
#2660=DIRECTION('center_axis',(0.577350269189626,0.577350269189626,0.577350269189626));
#2661=DIRECTION('ref_axis',(0.707106781186547,0.,-0.707106781186547));
#2662=DIRECTION('',(0.,0.707106781186548,-0.707106781186548));
#2663=DIRECTION('',(-0.707106781186548,0.,0.707106781186548));
#2664=DIRECTION('',(0.707106781186548,-0.707106781186548,0.));
#2665=DIRECTION('center_axis',(0.707106781186548,0.,0.707106781186548));
#2666=DIRECTION('ref_axis',(0.707106781186548,0.,-0.707106781186548));
#2667=DIRECTION('center_axis',(0.707106781186548,0.707106781186548,0.));
#2668=DIRECTION('ref_axis',(0.,0.,-1.));
#2669=DIRECTION('',(0.,0.,1.));
#2670=DIRECTION('',(-0.67520981127471,0.675209811274698,-0.296956935458254));
#2671=DIRECTION('center_axis',(0.,0.707106781186548,0.707106781186548));
#2672=DIRECTION('ref_axis',(1.,0.,0.));
#2673=DIRECTION('',(0.,-0.707106781186548,0.707106781186548));
#2674=DIRECTION('',(-1.,0.,0.));
#2675=DIRECTION('center_axis',(0.,0.,-1.));
#2676=DIRECTION('ref_axis',(-0.505666209602814,0.862729206916007,-4.67953861146332E-16));
#2677=DIRECTION('center_axis',(0.,0.,1.));
#2678=DIRECTION('ref_axis',(-0.505666209602814,0.862729206916007,-8.5791541210161E-16));
#2679=DIRECTION('',(0.616954920504114,-0.3454947554823,0.70710678118654));
#2680=DIRECTION('center_axis',(-0.616954920504109,0.345494755482301,0.707106781186543));
#2681=DIRECTION('ref_axis',(0.753507244396644,0.,0.657439603797776));
#2682=DIRECTION('center_axis',(0.707106781186542,0.477898748387023,-0.521164836006924));
#2683=DIRECTION('ref_axis',(-0.593301433304948,0.,-0.804980378169738));
#2684=DIRECTION('',(0.,0.737038379312937,0.67585089141005));
#2685=DIRECTION('',(-0.675209811274713,0.675209811274695,-0.296956935458253));
#2686=DIRECTION('center_axis',(0.707106781186555,-0.70710678118654,2.96243860129011E-17));
#2687=DIRECTION('ref_axis',(4.18952084764201E-17,0.,-1.));
#2688=DIRECTION('',(0.70710678118654,0.707106781186555,0.));
#2689=DIRECTION('center_axis',(-1.,0.,0.));
#2690=DIRECTION('ref_axis',(0.,-1.,0.));
#2691=DIRECTION('',(0.707106781186551,-0.707106781186544,0.));
#2692=DIRECTION('center_axis',(0.707106781186541,0.707106781186554,5.92487720258034E-17));
#2693=DIRECTION('ref_axis',(8.37904169528435E-17,0.,-1.));
#2694=DIRECTION('center_axis',(0.301511344577777,0.301511344577756,-0.904534033733289));
#2695=DIRECTION('ref_axis',(-0.948683298050509,0.,-0.316227766016851));
#2696=DIRECTION('',(0.816496580927745,0.408248290463822,0.408248290463865));
#2697=DIRECTION('',(-0.408248290463872,-0.816496580927721,-0.408248290463864));
#2698=DIRECTION('center_axis',(0.,0.707106781186585,-0.70710678118651));
#2699=DIRECTION('ref_axis',(-1.,0.,0.));
#2700=DIRECTION('center_axis',(0.577350269189612,0.577350269189653,-0.577350269189612));
#2701=DIRECTION('ref_axis',(-0.707106781186547,0.,-0.707106781186548));
#2702=DIRECTION('',(0.707106781186554,-1.25607396694701E-14,0.707106781186541));
#2703=DIRECTION('',(5.0242958677881E-14,-0.707106781186548,-0.707106781186548));
#2704=DIRECTION('',(-0.707106781186573,0.707106781186522,0.));
#2705=DIRECTION('center_axis',(0.,0.707106781186548,-0.707106781186548));
#2706=DIRECTION('ref_axis',(-1.,0.,0.));
#2707=DIRECTION('',(0.,0.707106781186548,0.707106781186548));
#2708=DIRECTION('',(1.,0.,0.));
#2709=DIRECTION('center_axis',(0.,0.,1.));
#2710=DIRECTION('ref_axis',(-0.505666209602814,0.862729206916007,-4.67953861146332E-16));
#2711=DIRECTION('',(-0.616954920504141,0.345494755482315,0.707106781186508));
#2712=DIRECTION('center_axis',(0.,0.,-1.));
#2713=DIRECTION('ref_axis',(-0.505666209602814,0.862729206916007,-8.5791541210161E-16));
#2714=DIRECTION('center_axis',(-0.61695492050411,0.345494755482302,-0.707106781186541));
#2715=DIRECTION('ref_axis',(-0.753507244396642,0.,0.657439603797778));
#2716=DIRECTION('center_axis',(0.707106781186522,0.707106781186573,0.));
#2717=DIRECTION('ref_axis',(0.,0.,-1.));
#2718=DIRECTION('',(-0.593301433304969,0.593301433304927,0.544046706153606));
#2719=DIRECTION('',(0.,0.,-1.));
#2720=DIRECTION('',(0.,0.,1.));
#2721=DIRECTION('center_axis',(0.707106781186541,0.,-0.707106781186554));
#2722=DIRECTION('ref_axis',(-0.707106781186554,0.,-0.707106781186541));
#2723=DIRECTION('',(0.,-1.,0.));
#2724=DIRECTION('center_axis',(-1.,0.,0.));
#2725=DIRECTION('ref_axis',(0.,1.,0.));
#2726=DIRECTION('center_axis',(-0.284915823427217,-0.745250404874433,0.602847250632601));
#2727=DIRECTION('ref_axis',(0.904110805286336,0.,0.427298083033955));
#2728=DIRECTION('center_axis',(-1.31383373782056E-15,0.,1.));
#2729=DIRECTION('ref_axis',(-0.505666209602814,0.862729206916007,-8.5791541210161E-16));
#2730=DIRECTION('',(1.31383373782056E-15,0.,-1.));
#2731=DIRECTION('',(0.,-4.44089209850062E-15,-1.));
#2732=DIRECTION('',(0.,-4.44089209850062E-15,-1.));
#2733=DIRECTION('',(0.,-4.44089209850062E-15,-1.));
#2734=DIRECTION('center_axis',(8.88178419700125E-16,1.,-4.44089209850062E-15));
#2735=DIRECTION('ref_axis',(1.,-8.88178419700125E-16,-1.77374005849721E-18));
#2736=DIRECTION('',(0.,-4.44089209850062E-15,-1.));
#2737=DIRECTION('',(1.,-8.88178419700125E-16,-1.77374005849721E-18));
#2738=DIRECTION('center_axis',(-1.,8.88178419700125E-16,-3.94430452610505E-30));
#2739=DIRECTION('ref_axis',(8.88178419700125E-16,1.,-2.38697950294409E-15));
#2740=DIRECTION('',(0.,-4.44089209850062E-15,-1.));
#2741=DIRECTION('',(8.88178419700125E-16,1.,-2.38697950294409E-15));
#2742=DIRECTION('center_axis',(-8.88178419700125E-16,-1.,4.44089209850062E-15));
#2743=DIRECTION('ref_axis',(-1.,8.88178419700125E-16,1.77374005849721E-18));
#2744=DIRECTION('',(0.,-4.44089209850062E-15,-1.));
#2745=DIRECTION('',(-1.,8.88178419700125E-16,1.77374005849721E-18));
#2746=DIRECTION('',(0.,-4.44089209850062E-15,-1.));
#2747=DIRECTION('center_axis',(-8.88178419700125E-16,-1.,4.44089209850062E-15));
#2748=DIRECTION('ref_axis',(-1.,8.88178419700125E-16,1.77374005849721E-18));
#2749=DIRECTION('',(0.,-4.44089209850062E-15,-1.));
#2750=DIRECTION('',(-1.,8.88178419700125E-16,1.77374005849721E-18));
#2751=DIRECTION('',(0.,-4.44089209850062E-15,-1.));
#2752=DIRECTION('',(0.,-4.44089209850062E-15,-1.));
#2753=DIRECTION('center_axis',(1.,-8.88178419700125E-16,3.94430452610505E-30));
#2754=DIRECTION('ref_axis',(-8.88178419700125E-16,-1.,2.38697950294409E-15));
#2755=DIRECTION('',(0.,-4.44089209850062E-15,-1.));
#2756=DIRECTION('',(-8.88178419700125E-16,-1.,2.38697950294409E-15));
#2757=DIRECTION('',(0.,-4.44089209850062E-15,-1.));
#2758=DIRECTION('',(0.,-4.44089209850062E-15,-1.));
#2759=DIRECTION('center_axis',(8.88178419700125E-16,1.,-4.44089209850062E-15));
#2760=DIRECTION('ref_axis',(1.,-8.88178419700125E-16,-1.77374005849721E-18));
#2761=DIRECTION('',(1.,-8.88178419700125E-16,-1.77374005849721E-18));
#2762=DIRECTION('center_axis',(1.77374005849933E-18,2.38697950294409E-15,
1.));
#2763=DIRECTION('ref_axis',(1.,-8.88178419700125E-16,-1.77374005849721E-18));
#2764=DIRECTION('center_axis',(-1.,0.,0.));
#2765=DIRECTION('ref_axis',(0.,0.,-1.));
#2766=DIRECTION('',(0.,0.737038379312937,0.67585089141005));
#2767=DIRECTION('',(0.,-1.,0.));
#2768=DIRECTION('',(0.,0.,1.));
#2769=DIRECTION('center_axis',(0.,-0.67585089141005,0.737038379312937));
#2770=DIRECTION('ref_axis',(0.,0.737038379312937,0.67585089141005));
#2771=DIRECTION('',(1.,0.,0.));
#2772=DIRECTION('',(-1.,0.,0.));
#2773=DIRECTION('center_axis',(0.,1.,0.));
#2774=DIRECTION('ref_axis',(0.,0.,1.));
#2775=DIRECTION('center_axis',(0.,0.,1.));
#2776=DIRECTION('ref_axis',(-1.,0.,0.));
#2777=DIRECTION('',(1.,0.,0.));
#2778=DIRECTION('center_axis',(0.,1.,0.));
#2779=DIRECTION('ref_axis',(0.,0.,1.));
#2780=DIRECTION('center_axis',(-1.,6.16297582203934E-32,-1.06111761411385E-31));
#2781=DIRECTION('ref_axis',(6.16297582203915E-32,1.,5.68173640212223E-15));
#2782=DIRECTION('center_axis',(1.,-6.16297582203934E-32,1.06111761411385E-31));
#2783=DIRECTION('ref_axis',(6.3754922296957E-32,1.,5.68173640212223E-15));
#2784=DIRECTION('center_axis',(1.,0.,0.));
#2785=DIRECTION('ref_axis',(0.,1.,5.68173640212223E-15));
#2786=DIRECTION('',(1.,0.,0.));
#2787=DIRECTION('center_axis',(-1.,-1.06111761411385E-31,-6.16297582203934E-32));
#2788=DIRECTION('ref_axis',(6.16297582203915E-32,5.74296874207959E-15,-1.));
#2789=DIRECTION('center_axis',(1.,1.06111761411385E-31,6.16297582203934E-32));
#2790=DIRECTION('ref_axis',(6.3754922296957E-32,5.74296874207959E-15,-1.));
#2791=DIRECTION('center_axis',(1.,0.,0.));
#2792=DIRECTION('ref_axis',(0.,5.74296874207959E-15,-1.));
#2793=DIRECTION('',(1.,0.,0.));
#2794=DIRECTION('center_axis',(-1.,-6.16297582203934E-32,1.06111761411385E-31));
#2795=DIRECTION('ref_axis',(6.16297582203915E-32,-1.,-5.80420108203696E-15));
#2796=DIRECTION('center_axis',(1.,6.16297582203934E-32,-1.06111761411385E-31));
#2797=DIRECTION('ref_axis',(6.3754922296957E-32,-1.,-5.80420108203696E-15));
#2798=DIRECTION('center_axis',(1.,0.,0.));
#2799=DIRECTION('ref_axis',(0.,-1.,-5.80420108203696E-15));
#2800=DIRECTION('',(1.,0.,0.));
#2801=DIRECTION('',(1.98984981417598E-15,-1.,4.34374758384594E-15));
#2802=DIRECTION('',(0.999999999999998,1.37745341057365E-15,-2.91433543964103E-16));
#2803=CARTESIAN_POINT('',(0.,0.,0.));
#2804=CARTESIAN_POINT('',(0.,0.,0.));
#2805=CARTESIAN_POINT('Origin',(-89.3000000000001,28.15,-7.99999999999994));
#2806=CARTESIAN_POINT('',(-89.3000000000001,28.15,-9.44999999999994));
#2807=CARTESIAN_POINT('Origin',(-89.3000000000001,28.15,-7.99999999999994));
#2808=CARTESIAN_POINT('Origin',(-99.3000000000001,28.15,4.88498130835069E-14));
#2809=CARTESIAN_POINT('',(-99.3000000000001,18.,4.73471224046418));
#2810=CARTESIAN_POINT('',(-99.3000000000001,18.,-4.73471224046408));
#2811=CARTESIAN_POINT('',(-99.3000000000001,18.,13.25));
#2812=CARTESIAN_POINT('Origin',(-99.3000000000001,28.15,4.88498130835069E-14));
#2813=CARTESIAN_POINT('',(-99.3000000000001,37.5999999999999,7.99360577730113E-14));
#2814=CARTESIAN_POINT('Origin',(-99.3000000000001,36.1499999999999,7.105427357601E-14));
#2815=CARTESIAN_POINT('',(-99.3000000000001,28.1499999999999,9.45));
#2816=CARTESIAN_POINT('Origin',(-99.3000000000001,28.1499999999999,8.));
#2817=CARTESIAN_POINT('',(-99.3000000000001,18.7,-2.66453525910038E-14));
#2818=CARTESIAN_POINT('Origin',(-99.3000000000001,20.15,-1.77635683940025E-14));
#2819=CARTESIAN_POINT('',(-99.3000000000001,28.15,-9.44999999999994));
#2820=CARTESIAN_POINT('Origin',(-99.3000000000001,28.15,-7.99999999999994));
#2821=CARTESIAN_POINT('',(-99.3000000000001,28.1499999999999,5.20000000000003));
#2822=CARTESIAN_POINT('Origin',(-99.3000000000001,28.15,2.66453525910038E-14));
#2823=CARTESIAN_POINT('Origin',(-105.5,18.,26.5));
#2824=CARTESIAN_POINT('',(-105.,18.,4.73471224046418));
#2825=CARTESIAN_POINT('',(-105.5,18.,4.73471224046418));
#2826=CARTESIAN_POINT('',(-105.,18.,-4.73471224046408));
#2827=CARTESIAN_POINT('',(-105.5,18.,-4.73471224046408));
#2828=CARTESIAN_POINT('',(-105.,18.,-26.5));
#2829=CARTESIAN_POINT('',(-105.,18.,13.25));
#2830=CARTESIAN_POINT('',(-77.,18.,-26.5));
#2831=CARTESIAN_POINT('',(-105.5,18.,-26.5));
#2832=CARTESIAN_POINT('',(-77.,18.,26.5));
#2833=CARTESIAN_POINT('',(-77.,18.,13.25));
#2834=CARTESIAN_POINT('',(-105.,18.,26.5));
#2835=CARTESIAN_POINT('',(-105.5,18.,26.5));
#2836=CARTESIAN_POINT('',(-105.,18.,13.25));
#2837=CARTESIAN_POINT('Origin',(-105.5,28.15,4.88498130835069E-14));
#2838=CARTESIAN_POINT('',(-105.5,18.5,-5.68484828293599));
#2839=CARTESIAN_POINT('Origin',(-115.15,28.15,4.88498130835069E-14));
#2840=CARTESIAN_POINT('',(-105.5,18.5,5.68484828293609));
#2841=CARTESIAN_POINT('Origin',(-115.15,28.15,4.88498130835069E-14));
#2842=CARTESIAN_POINT('Origin',(-105.5,28.15,4.88498130835069E-14));
#2843=CARTESIAN_POINT('Origin',(-105.5,28.15,4.88498130835069E-14));
#2844=CARTESIAN_POINT('',(-105.5,18.5,26.5));
#2845=CARTESIAN_POINT('',(-105.5,18.5,13.25));
#2846=CARTESIAN_POINT('',(-105.5,35.4962086999136,26.2461541264608));
#2847=CARTESIAN_POINT('Origin',(-105.5,27.,26.5));
#2848=CARTESIAN_POINT('',(-105.5,36.,26.));
#2849=CARTESIAN_POINT('',(-105.5,38.6008632400554,24.7292094587779));
#2850=CARTESIAN_POINT('',(-105.5,41.,26.));
#2851=CARTESIAN_POINT('',(-105.5,31.625,26.));
#2852=CARTESIAN_POINT('',(-105.5,41.,-25.9999999999999));
#2853=CARTESIAN_POINT('',(-105.5,41.,13.));
#2854=CARTESIAN_POINT('',(-105.5,36.,-26.));
#2855=CARTESIAN_POINT('',(-105.5,31.625,-25.9999999999999));
#2856=CARTESIAN_POINT('',(-105.5,35.4962086999136,-26.2461541264607));
#2857=CARTESIAN_POINT('',(-105.5,39.8914237120318,-24.0986372643599));
#2858=CARTESIAN_POINT('',(-105.5,18.5,-26.5));
#2859=CARTESIAN_POINT('Origin',(-105.5,27.,-26.5));
#2860=CARTESIAN_POINT('',(-105.5,18.5,13.25));
#2861=CARTESIAN_POINT('',(-105.5,27.,31.));
#2862=CARTESIAN_POINT('Origin',(-105.5,27.,26.5));
#2863=CARTESIAN_POINT('',(-105.5,27.,-22.));
#2864=CARTESIAN_POINT('Origin',(-105.5,27.,-26.5));
#2865=CARTESIAN_POINT('Origin',(-105.25,18.25,13.25));
#2866=CARTESIAN_POINT('',(-105.5,18.5,26.5));
#2867=CARTESIAN_POINT('Origin',(-105.25,18.25,13.25));
#2868=CARTESIAN_POINT('',(-105.5,18.5,-26.5));
#2869=CARTESIAN_POINT('Origin',(-105.5,36.,-25.9999999999999));
#2870=CARTESIAN_POINT('',(-102.7,41.,-26.));
#2871=CARTESIAN_POINT('',(-105.5,41.,-26.));
#2872=CARTESIAN_POINT('',(-102.038367844092,42.1814859926918,-26.));
#2873=CARTESIAN_POINT('Origin',(-105.5,41.,26.));
#2874=CARTESIAN_POINT('',(-102.7,41.,26.));
#2875=CARTESIAN_POINT('',(-109.5,41.,26.));
#2876=CARTESIAN_POINT('',(-102.7,41.,0.250000000000016));
#2877=CARTESIAN_POINT('Origin',(-109.5,36.,26.));
#2878=CARTESIAN_POINT('',(-103.828867235079,38.9841656516443,26.));
#2879=CARTESIAN_POINT('Origin',(-81.,27.,-26.5));
#2880=CARTESIAN_POINT('',(-81.,32.9791303715507,-27.));
#2881=CARTESIAN_POINT('',(-81.9,32.9866518188383,-26.1));
#2882=CARTESIAN_POINT('Origin',(-81.5,27.,-26.5));
#2883=CARTESIAN_POINT('',(-81.9,32.9791303715507,-27.));
#2884=CARTESIAN_POINT('',(-81.,32.9791303715507,-27.));
#2885=CARTESIAN_POINT('Origin',(-81.9,27.,-26.5));
#2886=CARTESIAN_POINT('Origin',(-81.,27.,-26.5));
#2887=CARTESIAN_POINT('',(-81.9,27.,-22.));
#2888=CARTESIAN_POINT('Origin',(-81.9,27.,-26.5));
#2889=CARTESIAN_POINT('',(-81.,27.,-22.));
#2890=CARTESIAN_POINT('',(-81.,27.,-22.));
#2891=CARTESIAN_POINT('Origin',(-81.,27.,-26.5));
#2892=CARTESIAN_POINT('Origin',(-81.,27.,-26.5));
#2893=CARTESIAN_POINT('',(-81.,19.0126127233198,-29.4071712182682));
#2894=CARTESIAN_POINT('',(-81.,35.4852813742386,-27.));
#2895=CARTESIAN_POINT('Origin',(-81.,27.,-26.5));
#2896=CARTESIAN_POINT('',(-81.9,19.0126127233198,-29.4071712182682));
#2897=CARTESIAN_POINT('',(-105.5,19.0126127233198,-29.4071712182682));
#2898=CARTESIAN_POINT('',(-81.9,35.4852813742386,-27.));
#2899=CARTESIAN_POINT('Origin',(-81.9,27.,-26.5));
#2900=CARTESIAN_POINT('',(-81.,35.4852813742386,-27.));
#2901=CARTESIAN_POINT('Origin',(-81.,32.9791303715507,-27.));
#2902=CARTESIAN_POINT('',(-81.,31.6356916032317,-27.));
#2903=CARTESIAN_POINT('',(-81.9,31.6356916032317,-27.));
#2904=CARTESIAN_POINT('Origin',(-81.9,27.2713832064634,-2.22044604925031E-15));
#2905=CARTESIAN_POINT('',(-81.9,20.8919979648916,-28.7231309316168));
#2906=CARTESIAN_POINT('',(-81.9,31.378286615106,-24.9064339950153));
#2907=CARTESIAN_POINT('',(-81.9,21.21055964395,-28.0755571597817));
#2908=CARTESIAN_POINT('',(-81.9,27.2814758772657,-15.7345683273381));
#2909=CARTESIAN_POINT('Origin',(-81.9,27.,-26.5));
#2910=CARTESIAN_POINT('Origin',(-91.,27.,-26.5));
#2911=CARTESIAN_POINT('',(-101.,21.21055964395,-28.0755571597817));
#2912=CARTESIAN_POINT('',(-91.,21.21055964395,-28.0755571597817));
#2913=CARTESIAN_POINT('',(-101.,32.9791303715507,-27.));
#2914=CARTESIAN_POINT('Origin',(-101.,27.,-26.5));
#2915=CARTESIAN_POINT('',(-100.000434216322,32.9791666666667,-26.0004342163216));
#2916=CARTESIAN_POINT('Origin',(-100.5,27.,-26.5));
#2917=CARTESIAN_POINT('',(-81.9995657836784,32.9791666666667,-26.0004342163216));
#2918=CARTESIAN_POINT('',(-91.,32.9791666666667,-26.0004342163216));
#2919=CARTESIAN_POINT('Origin',(-81.5,27.,-26.5));
#2920=CARTESIAN_POINT('Origin',(-91.,21.0512788044208,-28.3993440456993));
#2921=CARTESIAN_POINT('',(-101.,20.8919979648916,-28.7231309316168));
#2922=CARTESIAN_POINT('',(-91.,20.8919979648916,-28.7231309316168));
#2923=CARTESIAN_POINT('',(-101.,27.2814758772657,-15.7345683273381));
#2924=CARTESIAN_POINT('Origin',(-91.,27.,-26.5));
#2925=CARTESIAN_POINT('',(-101.,19.0126127233198,-29.4071712182682));
#2926=CARTESIAN_POINT('',(-105.5,19.0126127233198,-29.4071712182682));
#2927=CARTESIAN_POINT('',(-101.,31.378286615106,-24.9064339950153));
#2928=CARTESIAN_POINT('Origin',(-105.5,27.,-26.5));
#2929=CARTESIAN_POINT('',(-105.,35.9997750151948,-26.4363629363086));
#2930=CARTESIAN_POINT('Origin',(-105.,27.,-26.5));
#2931=CARTESIAN_POINT('',(-104.361875006607,35.9861111111111,-26.9998070615402));
#2932=CARTESIAN_POINT('Origin',(-109.966938048724,27.,-26.5));
#2933=CARTESIAN_POINT('',(-101.5,35.9861111111111,-26.9998070615402));
#2934=CARTESIAN_POINT('',(-105.5,35.9861111111111,-26.9998070615402));
#2935=CARTESIAN_POINT('',(-101.5,18.3848736165035,-29.1037660026166));
#2936=CARTESIAN_POINT('Origin',(-101.5,27.,-26.5));
#2937=CARTESIAN_POINT('',(-80.5,18.3848736165035,-29.1037660026166));
#2938=CARTESIAN_POINT('',(-105.5,18.3848736165035,-29.1037660026166));
#2939=CARTESIAN_POINT('',(-80.5,36.,-26.5));
#2940=CARTESIAN_POINT('Origin',(-80.5,27.,-26.5));
#2941=CARTESIAN_POINT('',(-77.,36.,-26.5));
#2942=CARTESIAN_POINT('',(-105.5,36.,-26.5));
#2943=CARTESIAN_POINT('Origin',(-77.,27.,-26.5));
#2944=CARTESIAN_POINT('Origin',(-101.,27.2713832064634,-2.22044604925031E-15));
#2945=CARTESIAN_POINT('',(-101.,35.4852813742386,-27.));
#2946=CARTESIAN_POINT('Origin',(-101.,27.,-26.5));
#2947=CARTESIAN_POINT('',(-101.,31.6356916032317,-27.));
#2948=CARTESIAN_POINT('',(-101.,27.,-22.));
#2949=CARTESIAN_POINT('Origin',(-101.,27.,-26.5));
#2950=CARTESIAN_POINT('Origin',(-101.25,27.,-26.5));
#2951=CARTESIAN_POINT('Ctrl Pts',(-101.,35.4852813742386,-27.));
#2952=CARTESIAN_POINT('Ctrl Pts',(-101.242694689927,35.7284030334941,-26.9998983548555));
#2953=CARTESIAN_POINT('Ctrl Pts',(-101.5,35.9861111111111,-26.9998070615402));
#2954=CARTESIAN_POINT('',(-101.456684801927,18.4379735924921,-29.1294308201992));
#2955=CARTESIAN_POINT('Ctrl Pts',(-101.456684801927,18.4379735924921,-29.1294308201992));
#2956=CARTESIAN_POINT('Ctrl Pts',(-101.216674954824,18.7328097328059,-29.271934006256));
#2957=CARTESIAN_POINT('Ctrl Pts',(-101.,19.0126127233198,-29.4071712182682));
#2958=CARTESIAN_POINT('',(-101.468683877993,18.4302189756912,-29.1450224383406));
#2959=CARTESIAN_POINT('Ctrl Pts',(-101.456684801927,18.4379735924921,-29.1294308201993));
#2960=CARTESIAN_POINT('Ctrl Pts',(-101.462680113799,18.4340948332196,-29.1372226507531));
#2961=CARTESIAN_POINT('Ctrl Pts',(-101.468683883867,18.4302189668207,-29.1450224294115));
#2962=CARTESIAN_POINT('Ctrl Pts',(-101.500000135294,18.3848735339061,-29.1037661970824));
#2963=CARTESIAN_POINT('Ctrl Pts',(-101.484200965242,18.4076206417563,-29.1244196176252));
#2964=CARTESIAN_POINT('Ctrl Pts',(-101.468683877993,18.4302189756912,-29.1450224383406));
#2965=CARTESIAN_POINT('Origin',(-101.457106781187,31.2219468882894,-24.4768941258231));
#2966=CARTESIAN_POINT('',(-101.442930326599,18.4206984823107,-29.1210812391821));
#2967=CARTESIAN_POINT('',(-104.45736149765,22.2067120793257,-30.9509756322332));
#2968=CARTESIAN_POINT('',(-101.557117881951,18.4629115788641,-29.2272327868395));
#2969=CARTESIAN_POINT('Origin',(-105.5,18.6987431699116,-29.2554686104424));
#2970=CARTESIAN_POINT('',(-80.5433151980726,18.4379735924921,-29.1294308201992));
#2971=CARTESIAN_POINT('Ctrl Pts',(-81.0000000000139,19.0126127233377,-29.4071712182769));
#2972=CARTESIAN_POINT('Ctrl Pts',(-80.7833250451809,18.7328097328122,-29.2719340062591));
#2973=CARTESIAN_POINT('Ctrl Pts',(-80.5433151980687,18.4379735924873,-29.1294308201969));
#2974=CARTESIAN_POINT('',(-80.5570696734013,18.4206984823107,-29.1210812391821));
#2975=CARTESIAN_POINT('',(-82.4646568509735,16.0248398337087,-27.9630905993501));
#2976=CARTESIAN_POINT('',(-81.5,19.0126127233198,-29.4071712182682));
#2977=CARTESIAN_POINT('',(-101.5,18.3848736165035,-29.1037660026166));
#2978=CARTESIAN_POINT('Origin',(-80.75,27.,-26.5));
#2979=CARTESIAN_POINT('',(-80.5313162588718,18.4302190589687,-29.1450222439732));
#2980=CARTESIAN_POINT('Ctrl Pts',(-80.5313162588718,18.4302190589686,-29.1450222439733));
#2981=CARTESIAN_POINT('Ctrl Pts',(-80.515799170841,18.4076207246977,-29.1244194232116));
#2982=CARTESIAN_POINT('Ctrl Pts',(-80.5,18.3848736165035,-29.1037660026167));
#2983=CARTESIAN_POINT('Ctrl Pts',(-80.5433151980727,18.4379735924921,-29.1294308201992));
#2984=CARTESIAN_POINT('Ctrl Pts',(-80.5373199574697,18.434094879328,-29.1372225581285));
#2985=CARTESIAN_POINT('Ctrl Pts',(-80.5313162588718,18.4302190589687,-29.1450222439732));
#2986=CARTESIAN_POINT('',(-81.2480768092719,35.248076809272,-26.7519231907281));
#2987=CARTESIAN_POINT('Ctrl Pts',(-81.2480768092719,35.248076809272,-26.7519231907281));
#2988=CARTESIAN_POINT('Ctrl Pts',(-81.1257967173129,35.3666790917546,-26.8742032826871));
#2989=CARTESIAN_POINT('Ctrl Pts',(-81.0000000000014,35.4852813742373,-26.9999999999986));
#2990=CARTESIAN_POINT('',(-81.,35.5000000000001,-26.5));
#2991=CARTESIAN_POINT('Ctrl Pts',(-81.2480768092723,35.2480768092715,-26.7519231907286));
#2992=CARTESIAN_POINT('Ctrl Pts',(-81.127826942424,35.372173057576,-26.627826942424));
#2993=CARTESIAN_POINT('Ctrl Pts',(-81.,35.5,-26.5));
#2994=CARTESIAN_POINT('',(-81.,35.5000000000001,-26.5));
#2995=CARTESIAN_POINT('Origin',(-81.,27.,26.5));
#2996=CARTESIAN_POINT('',(-81.9,27.,31.));
#2997=CARTESIAN_POINT('Origin',(-81.9,27.,26.5));
#2998=CARTESIAN_POINT('',(-81.,27.,31.));
#2999=CARTESIAN_POINT('',(-81.,27.,31.));
#3000=CARTESIAN_POINT('Origin',(-81.,27.,26.5));
#3001=CARTESIAN_POINT('Origin',(-81.,27.,26.5));
#3002=CARTESIAN_POINT('',(-81.,35.5,26.5));
#3003=CARTESIAN_POINT('',(-81.,19.0126127233198,29.4071712182682));
#3004=CARTESIAN_POINT('Origin',(-81.,27.,26.5));
#3005=CARTESIAN_POINT('',(-81.9,35.5,26.5));
#3006=CARTESIAN_POINT('',(-81.,35.5,26.5));
#3007=CARTESIAN_POINT('',(-81.9,19.0126127233198,29.4071712182682));
#3008=CARTESIAN_POINT('Origin',(-81.9,27.,26.5));
#3009=CARTESIAN_POINT('',(-105.5,19.0126127233198,29.4071712182682));
#3010=CARTESIAN_POINT('Origin',(-81.9,27.2713832064634,-2.22044604925031E-15));
#3011=CARTESIAN_POINT('',(-81.9,21.21055964395,28.0755571597817));
#3012=CARTESIAN_POINT('',(-81.9,32.9791666666667,26.0004342163216));
#3013=CARTESIAN_POINT('Origin',(-81.9,27.,26.5));
#3014=CARTESIAN_POINT('',(-81.9,20.8919979648916,28.7231309316169));
#3015=CARTESIAN_POINT('',(-81.9,27.2814758772658,15.7345683273382));
#3016=CARTESIAN_POINT('',(-81.9,27.1496698215694,26.4455246399808));
#3017=CARTESIAN_POINT('',(-81.9,33.5,26.5));
#3018=CARTESIAN_POINT('',(-81.9,31.6356916032317,26.5));
#3019=CARTESIAN_POINT('',(-81.9,25.1285094096109,18.4703483058993));
#3020=CARTESIAN_POINT('Origin',(-91.,18.5427664129268,29.578181289931));
#3021=CARTESIAN_POINT('',(-101.,20.8919979648916,28.7231309316169));
#3022=CARTESIAN_POINT('',(-91.,20.8919979648916,28.7231309316169));
#3023=CARTESIAN_POINT('',(-101.,19.0126127233198,29.4071712182682));
#3024=CARTESIAN_POINT('',(-101.,31.378286615106,24.9064339950153));
#3025=CARTESIAN_POINT('',(-105.5,19.0126127233198,29.4071712182682));
#3026=CARTESIAN_POINT('Origin',(-91.,21.0512788044208,28.3993440456993));
#3027=CARTESIAN_POINT('',(-101.,21.21055964395,28.0755571597817));
#3028=CARTESIAN_POINT('',(-91.,21.21055964395,28.0755571597817));
#3029=CARTESIAN_POINT('',(-101.,27.2814758772658,15.7345683273382));
#3030=CARTESIAN_POINT('Origin',(-91.,27.,26.5));
#3031=CARTESIAN_POINT('',(-101.,32.9791666666667,26.0004342163216));
#3032=CARTESIAN_POINT('',(-91.,32.9791666666667,26.0004342163216));
#3033=CARTESIAN_POINT('Origin',(-101.,27.,26.5));
#3034=CARTESIAN_POINT('Origin',(-91.5,36.,26.5));
#3035=CARTESIAN_POINT('',(-80.5,36.,26.5));
#3036=CARTESIAN_POINT('',(-80.75,35.75,26.5));
#3037=CARTESIAN_POINT('',(-77.,36.,26.5));
#3038=CARTESIAN_POINT('',(-105.5,36.,26.5));
#3039=CARTESIAN_POINT('',(-77.,60.5,26.5));
#3040=CARTESIAN_POINT('',(-77.,31.5,26.5));
#3041=CARTESIAN_POINT('',(-89.7416282923453,60.5,26.5));
#3042=CARTESIAN_POINT('',(-87.75,60.5,26.5));
#3043=CARTESIAN_POINT('',(-91.9228933322196,59.2215084223296,26.5));
#3044=CARTESIAN_POINT('Origin',(-89.7416282923453,58.,26.5));
#3045=CARTESIAN_POINT('',(-104.926938048724,36.,26.5));
#3046=CARTESIAN_POINT('',(-103.392614227104,38.7398639671784,26.5));
#3047=CARTESIAN_POINT('',(-101.5,36.,26.5));
#3048=CARTESIAN_POINT('',(-105.5,36.,26.5));
#3049=CARTESIAN_POINT('',(-101.,35.5,26.5));
#3050=CARTESIAN_POINT('',(-101.25,35.75,26.5));
#3051=CARTESIAN_POINT('',(-101.,33.5,26.5));
#3052=CARTESIAN_POINT('',(-101.,31.6356916032317,26.5));
#3053=CARTESIAN_POINT('',(-91.,33.5,26.5));
#3054=CARTESIAN_POINT('',(-80.3032389940299,43.9187446751665,26.5));
#3055=CARTESIAN_POINT('',(-80.9550944627799,45.1309028782915,26.5));
#3056=CARTESIAN_POINT('Ctrl Pts',(-80.3032389940299,43.9187446751665,26.5));
#3057=CARTESIAN_POINT('Ctrl Pts',(-80.3955796747726,44.0769813688452,26.5));
#3058=CARTESIAN_POINT('Ctrl Pts',(-80.6269136076099,44.4733994629443,26.5));
#3059=CARTESIAN_POINT('Ctrl Pts',(-80.8319198048253,44.8841250513297,26.5));
#3060=CARTESIAN_POINT('Ctrl Pts',(-80.9550944627799,45.1309028782915,26.5));
#3061=CARTESIAN_POINT('',(-80.3984538377799,45.1309028782915,26.5));
#3062=CARTESIAN_POINT('',(-86.2275472313899,45.1309028782915,26.5));
#3063=CARTESIAN_POINT('',(-78.7138835252799,43.5159126439165,26.5));
#3064=CARTESIAN_POINT('Ctrl Pts',(-80.3984538377799,45.1309028782915,26.5));
#3065=CARTESIAN_POINT('Ctrl Pts',(-80.1024213533221,44.8122621980936,26.5));
#3066=CARTESIAN_POINT('Ctrl Pts',(-79.5719311994877,44.2412581619465,26.5));
#3067=CARTESIAN_POINT('Ctrl Pts',(-78.9768764403578,43.7382321466195,26.5));
#3068=CARTESIAN_POINT('Ctrl Pts',(-78.7138835252799,43.5159126439165,26.5));
#3069=CARTESIAN_POINT('',(-77.3735514940299,42.6919380345415,26.5));
#3070=CARTESIAN_POINT('Ctrl Pts',(-78.7138835252799,43.5159126439165,26.5));
#3071=CARTESIAN_POINT('Ctrl Pts',(-78.4887024940549,43.3470011184631,26.5));
#3072=CARTESIAN_POINT('Ctrl Pts',(-78.0672005548435,43.0308264604715,26.5));
#3073=CARTESIAN_POINT('Ctrl Pts',(-77.5939671262139,42.7996240545494,26.5));
#3074=CARTESIAN_POINT('Ctrl Pts',(-77.3735514940299,42.6919380345415,26.5));
#3075=CARTESIAN_POINT('',(-77.3735514940299,42.3623481907915,26.5));
#3076=CARTESIAN_POINT('',(-77.3735514940299,39.3459690172707,26.5));
#3077=CARTESIAN_POINT('',(-78.7798014940299,41.4651313939165,26.5));
#3078=CARTESIAN_POINT('Ctrl Pts',(-77.3735514940299,42.3623481907915,26.5));
#3079=CARTESIAN_POINT('Ctrl Pts',(-77.6156126491761,42.2353091961016,26.5));
#3080=CARTESIAN_POINT('Ctrl Pts',(-78.1096775016869,41.9760131428514,26.5));
#3081=CARTESIAN_POINT('Ctrl Pts',(-78.5534500095834,41.6376947457281,26.5));
#3082=CARTESIAN_POINT('Ctrl Pts',(-78.7798014940299,41.4651313939165,26.5));
#3083=CARTESIAN_POINT('',(-80.4057780565299,39.8647895970415,26.5));
#3084=CARTESIAN_POINT('Ctrl Pts',(-78.7798014940299,41.4651313939165,26.5));
#3085=CARTESIAN_POINT('Ctrl Pts',(-79.0328953620006,41.2450020188987,26.5));
#3086=CARTESIAN_POINT('Ctrl Pts',(-79.6076233469987,40.7451301209455,26.5));
#3087=CARTESIAN_POINT('Ctrl Pts',(-80.1193828768684,40.1806748251758,26.5));
#3088=CARTESIAN_POINT('Ctrl Pts',(-80.4057780565299,39.8647895970415,26.5));
#3089=CARTESIAN_POINT('',(-80.9697429002799,39.8647895970415,26.5));
#3090=CARTESIAN_POINT('',(-85.9528890282649,39.8647895970415,26.5));
#3091=CARTESIAN_POINT('',(-79.5268718065299,42.1279731907915,26.5));
#3092=CARTESIAN_POINT('Ctrl Pts',(-80.9697429002799,39.8647895970415,26.5));
#3093=CARTESIAN_POINT('Ctrl Pts',(-80.7527686853724,40.3104339900774,26.5));
#3094=CARTESIAN_POINT('Ctrl Pts',(-80.3581885192252,41.1208641083369,26.5));
#3095=CARTESIAN_POINT('Ctrl Pts',(-79.7849116139513,41.8153676221552,26.5));
#3096=CARTESIAN_POINT('Ctrl Pts',(-79.5268718065299,42.1279731907915,26.5));
#3097=CARTESIAN_POINT('',(-91.2090007127799,42.1279731907915,26.5));
#3098=CARTESIAN_POINT('',(-85.5134359032649,42.1279731907915,26.5));
#3099=CARTESIAN_POINT('',(-91.2090007127799,42.8677192845415,26.5));
#3100=CARTESIAN_POINT('',(-91.2090007127799,39.0639865953957,26.5));
#3101=CARTESIAN_POINT('',(-79.5268718065299,42.8677192845415,26.5));
#3102=CARTESIAN_POINT('',(-91.3545003563899,42.8677192845415,26.5));
#3103=CARTESIAN_POINT('Ctrl Pts',(-79.5268718065299,42.8677192845415,26.5));
#3104=CARTESIAN_POINT('Ctrl Pts',(-79.6872778845409,43.070343907298,26.5));
#3105=CARTESIAN_POINT('Ctrl Pts',(-79.9578158899329,43.4120869507261,26.5));
#3106=CARTESIAN_POINT('Ctrl Pts',(-80.203304355276,43.7721631174673,26.5));
#3107=CARTESIAN_POINT('Ctrl Pts',(-80.3032389940299,43.9187446751665,26.5));
#3108=CARTESIAN_POINT('Origin',(-105.5,28.15,-7.99999999999994));
#3109=CARTESIAN_POINT('',(-105.5,28.15,-9.44999999999994));
#3110=CARTESIAN_POINT('Origin',(-105.5,36.,26.5));
#3111=CARTESIAN_POINT('',(-92.3591463401945,59.4658101067955,26.));
#3112=CARTESIAN_POINT('',(-103.828867235079,38.9841656516443,26.));
#3113=CARTESIAN_POINT('',(-92.3591463401944,59.4658101067955,-26.));
#3114=CARTESIAN_POINT('',(-92.3591463401945,59.4658101067955,13.25));
#3115=CARTESIAN_POINT('',(-102.038367844092,42.1814859926918,-26.));
#3116=CARTESIAN_POINT('Origin',(-76.5000000000001,28.15,2.66453525910038E-14));
#3117=CARTESIAN_POINT('',(-76.5000000000001,28.1499999999999,5.20000000000003));
#3118=CARTESIAN_POINT('Origin',(-76.5,28.15,2.66453525910038E-14));
#3119=CARTESIAN_POINT('',(-76.5000000000001,28.1499999999999,5.20000000000003));
#3120=CARTESIAN_POINT('Origin',(-105.5,27.,26.5));
#3121=CARTESIAN_POINT('Origin',(-77.,27.,26.5));
#3122=CARTESIAN_POINT('',(-80.5,18.3848736165035,29.1037660026166));
#3123=CARTESIAN_POINT('Origin',(-80.5,27.,26.5));
#3124=CARTESIAN_POINT('',(-101.5,18.3848736165035,29.1037660026166));
#3125=CARTESIAN_POINT('',(-105.5,18.3848736165035,29.1037660026166));
#3126=CARTESIAN_POINT('Origin',(-101.5,27.,26.5));
#3127=CARTESIAN_POINT('',(-105.,35.9997750151948,26.4363629363086));
#3128=CARTESIAN_POINT('Origin',(-109.966938048724,27.,26.5));
#3129=CARTESIAN_POINT('Origin',(-105.,27.,26.5));
#3130=CARTESIAN_POINT('Origin',(-80.75,27.,26.5));
#3131=CARTESIAN_POINT('',(-80.5433151980726,18.4379735924921,29.1294308201993));
#3132=CARTESIAN_POINT('Ctrl Pts',(-80.5433151980727,18.4379735924921,29.1294308201993));
#3133=CARTESIAN_POINT('Ctrl Pts',(-80.7833250451762,18.7328097328066,29.2719340062564));
#3134=CARTESIAN_POINT('Ctrl Pts',(-81.,19.0126127233198,29.4071712182682));
#3135=CARTESIAN_POINT('',(-80.5313162588718,18.4302190589686,29.1450222439733));
#3136=CARTESIAN_POINT('Ctrl Pts',(-80.5433151980727,18.4379735924921,29.1294308201993));
#3137=CARTESIAN_POINT('Ctrl Pts',(-80.5373199574697,18.434094879328,29.1372225581285));
#3138=CARTESIAN_POINT('Ctrl Pts',(-80.5313162588718,18.4302190589686,29.1450222439733));
#3139=CARTESIAN_POINT('Ctrl Pts',(-80.5,18.3848736165035,29.1037660026167));
#3140=CARTESIAN_POINT('Ctrl Pts',(-80.515799170841,18.4076207246977,29.1244194232116));
#3141=CARTESIAN_POINT('Ctrl Pts',(-80.5313162588718,18.4302190589686,29.1450222439733));
#3142=CARTESIAN_POINT('Origin',(-80.5428932188135,26.9933300947528,26.0159847707886));
#3143=CARTESIAN_POINT('',(-80.5570696734013,18.4206984823107,29.1210812391821));
#3144=CARTESIAN_POINT('',(-83.2074893644553,15.0918697850459,27.5121580770055));
#3145=CARTESIAN_POINT('',(-80.5974028667513,18.4057880222353,29.0835865149728));
#3146=CARTESIAN_POINT('Origin',(-105.5,18.6987431699116,29.2554686104424));
#3147=CARTESIAN_POINT('Ctrl Pts',(-101.5,18.3848736165035,29.1037660026166));
#3148=CARTESIAN_POINT('Ctrl Pts',(-101.330724923029,18.5919619157046,29.2038580144027));
#3149=CARTESIAN_POINT('Ctrl Pts',(-101.163361342693,18.8016562135698,29.3052095838268));
#3150=CARTESIAN_POINT('Ctrl Pts',(-101.,19.0126127233198,29.4071712182682));
#3151=CARTESIAN_POINT('',(-80.5,18.3848736165035,29.1037660026166));
#3152=CARTESIAN_POINT('Origin',(-79.,35.75,-20.2500000000004));
#3153=CARTESIAN_POINT('',(-80.75,35.75,-20.2500000000004));
#3154=CARTESIAN_POINT('',(-81.5,36.5,-21.0000000000005));
#3155=CARTESIAN_POINT('',(-75.6158097774498,30.6158097774494,-15.1158097774493));
#3156=CARTESIAN_POINT('',(-81.5,35.5,-20.0000000000004));
#3157=CARTESIAN_POINT('',(-81.5,31.9999999999995,-16.4999999999995));
#3158=CARTESIAN_POINT('',(-79.5,35.5,-20.0000000000004));
#3159=CARTESIAN_POINT('',(-79.,35.5,-20.0000000000004));
#3160=CARTESIAN_POINT('',(-79.,36.,-20.5000000000004));
#3161=CARTESIAN_POINT('',(-80.8841902225503,34.1158097774497,-18.6158097774499));
#3162=CARTESIAN_POINT('',(-80.5,36.,-20.5000000000004));
#3163=CARTESIAN_POINT('',(-79.,36.,-20.5000000000004));
#3164=CARTESIAN_POINT('',(-83.8008568892171,32.699143110783,-17.1991431107831));
#3165=CARTESIAN_POINT('Origin',(-81.25,36.25,9.80514133530105));
#3166=CARTESIAN_POINT('',(-80.75,35.75,-26.25));
#3167=CARTESIAN_POINT('',(-80.75,35.75,4.80514133530114));
#3168=CARTESIAN_POINT('',(-81.,36.,-26.));
#3169=CARTESIAN_POINT('',(-86.2175235558837,41.217523555884,-20.7824764441154));
#3170=CARTESIAN_POINT('',(-81.5,36.5,-26.));
#3171=CARTESIAN_POINT('',(-81.,36.,-26.));
#3172=CARTESIAN_POINT('',(-81.5,36.5,9.80514133530105));
#3173=CARTESIAN_POINT('Origin',(-80.75,35.75,-0.194858664698759));
#3174=CARTESIAN_POINT('',(-80.4999937716227,36.,-26.4894117598209));
#3175=CARTESIAN_POINT('',(-80.5,36.,-0.194858664698759));
#3176=CARTESIAN_POINT('Ctrl Pts',(-80.5,36.,-26.5));
#3177=CARTESIAN_POINT('Ctrl Pts',(-80.5,36.,-26.4947058817423));
#3178=CARTESIAN_POINT('Ctrl Pts',(-80.4999937716227,36.,-26.4894117598209));
#3179=CARTESIAN_POINT('',(-75.699143110783,40.800856889217,-21.1991431107825));
#3180=CARTESIAN_POINT('Origin',(-91.,33.2395833333333,-26.2502171081608));
#3181=CARTESIAN_POINT('',(-81.5,33.5,-26.5));
#3182=CARTESIAN_POINT('',(-83.3570008711288,31.5639427572656,-24.6429991288713));
#3183=CARTESIAN_POINT('',(-100.5,33.5,-26.5));
#3184=CARTESIAN_POINT('',(-98.6429991288713,31.5639427572656,-24.6429991288713));
#3185=CARTESIAN_POINT('',(-91.,33.5,-26.5));
#3186=CARTESIAN_POINT('Origin',(-81.25,31.6356916032317,-26.75));
#3187=CARTESIAN_POINT('',(-81.5,35.5000000000001,-26.5));
#3188=CARTESIAN_POINT('',(-81.5,31.6356916032317,-26.5));
#3189=CARTESIAN_POINT('',(-80.0226152672052,34.0226152672054,-27.9773847327948));
#3190=CARTESIAN_POINT('Origin',(-76.5,36.,-26.5));
#3191=CARTESIAN_POINT('',(-100.5,36.5,-26.5));
#3192=CARTESIAN_POINT('',(-100.5,31.6356916032317,-26.5));
#3193=CARTESIAN_POINT('',(-104.646938048724,36.5,-26.5));
#3194=CARTESIAN_POINT('',(-105.5,36.5,-26.5));
#3195=CARTESIAN_POINT('',(-91.9228933322195,59.2215084223296,-26.5));
#3196=CARTESIAN_POINT('',(-101.602114836118,41.9371843082259,-26.5));
#3197=CARTESIAN_POINT('',(-89.7416282923452,60.5,-26.5));
#3198=CARTESIAN_POINT('Origin',(-89.7416282923452,58.,-26.5));
#3199=CARTESIAN_POINT('',(-82.,60.5,-26.5));
#3200=CARTESIAN_POINT('',(-80.25,60.5,-26.5));
#3201=CARTESIAN_POINT('',(-82.,35.5000000000001,-26.5));
#3202=CARTESIAN_POINT('',(-82.,48.5,-26.5));
#3203=CARTESIAN_POINT('',(-76.5,35.5000000000001,-26.5));
#3204=CARTESIAN_POINT('Origin',(-80.5,18.3848736165035,-29.1037660026166));
#3205=CARTESIAN_POINT('',(-80.4428821180493,18.4629115788641,-29.2272327868395));
#3206=CARTESIAN_POINT('Origin',(-101.5,18.3848736165035,-29.1037660026166));
#3207=CARTESIAN_POINT('Origin',(-101.5,35.9861111111111,-26.9998070615402));
#3208=CARTESIAN_POINT('',(-100.5,36.5,-26.5));
#3209=CARTESIAN_POINT('',(-101.,35.4852813742386,-27.));
#3210=CARTESIAN_POINT('Origin',(-105.5,36.2430555555556,-26.7499035307701));
#3211=CARTESIAN_POINT('',(-105.164778590975,37.4335215779012,-25.5920592236505));
#3212=CARTESIAN_POINT('Origin',(-100.75,31.6356916032317,-26.75));
#3213=CARTESIAN_POINT('Origin',(-80.5428932188135,31.2219468882894,-24.4768941258231));
#3214=CARTESIAN_POINT('Origin',(-76.5,36.,-0.389717329397516));
#3215=CARTESIAN_POINT('',(-79.,36.,0.389717329397521));
#3216=CARTESIAN_POINT('',(-79.,36.,-10.1948586646989));
#3217=CARTESIAN_POINT('',(-77.,36.,0.389717329397521));
#3218=CARTESIAN_POINT('',(-76.5,36.,0.389717329397521));
#3219=CARTESIAN_POINT('',(-77.,36.,-0.194858664698756));
#3220=CARTESIAN_POINT('Origin',(-81.5,61.,-20.0000000000004));
#3221=CARTESIAN_POINT('',(-81.5,34.,-20.0000000000004));
#3222=CARTESIAN_POINT('',(-81.5,61.,-20.0000000000004));
#3223=CARTESIAN_POINT('',(-79.5,34.,-20.0000000000004));
#3224=CARTESIAN_POINT('',(-81.,34.,-20.0000000000004));
#3225=CARTESIAN_POINT('',(-79.5,61.,-20.0000000000004));
#3226=CARTESIAN_POINT('Origin',(-91.,33.2395833333333,26.2502171081608));
#3227=CARTESIAN_POINT('',(-101.,25.1285094096109,18.4703483058993));
#3228=CARTESIAN_POINT('Origin',(-105.25,27.,26.5));
#3229=CARTESIAN_POINT('',(-105.,27.,30.5));
#3230=CARTESIAN_POINT('Origin',(-105.,27.,26.5));
#3231=CARTESIAN_POINT('',(-105.25,27.,30.75));
#3232=CARTESIAN_POINT('Origin',(-105.5,27.,26.5));
#3233=CARTESIAN_POINT('',(-101.5,27.,30.5));
#3234=CARTESIAN_POINT('Origin',(-101.5,27.,26.5));
#3235=CARTESIAN_POINT('',(-105.5,27.,30.5));
#3236=CARTESIAN_POINT('Origin',(-80.75,27.,-26.5));
#3237=CARTESIAN_POINT('',(-80.5,27.,-22.5));
#3238=CARTESIAN_POINT('Origin',(-80.5,27.,-26.5));
#3239=CARTESIAN_POINT('',(-80.75,27.,-22.25));
#3240=CARTESIAN_POINT('Origin',(-105.5,27.,-26.5));
#3241=CARTESIAN_POINT('',(-77.,27.,-22.5));
#3242=CARTESIAN_POINT('Origin',(-77.,27.,-26.5));
#3243=CARTESIAN_POINT('',(-105.5,27.,-22.5));
#3244=CARTESIAN_POINT('Origin',(-80.75,27.,26.5));
#3245=CARTESIAN_POINT('',(-80.5,27.,30.5));
#3246=CARTESIAN_POINT('Origin',(-80.5,27.,26.5));
#3247=CARTESIAN_POINT('',(-80.75,27.,30.75));
#3248=CARTESIAN_POINT('Origin',(-105.5,27.,26.5));
#3249=CARTESIAN_POINT('',(-77.,27.,30.5));
#3250=CARTESIAN_POINT('Origin',(-77.,27.,26.5));
#3251=CARTESIAN_POINT('',(-105.5,27.,30.5));
#3252=CARTESIAN_POINT('Origin',(-101.25,27.,26.5));
#3253=CARTESIAN_POINT('',(-101.,27.,31.));
#3254=CARTESIAN_POINT('',(-101.25,27.,30.75));
#3255=CARTESIAN_POINT('Origin',(-101.,27.,26.5));
#3256=CARTESIAN_POINT('Origin',(-101.,27.2713832064634,-2.22044604925031E-15));
#3257=CARTESIAN_POINT('Origin',(-101.,27.,26.5));
#3258=CARTESIAN_POINT('Origin',(-76.75,27.,-26.5));
#3259=CARTESIAN_POINT('',(-76.5,27.,-22.));
#3260=CARTESIAN_POINT('Origin',(-76.5,27.,-26.5));
#3261=CARTESIAN_POINT('',(-76.75,27.,-22.25));
#3262=CARTESIAN_POINT('Origin',(-76.5,27.,4.44089209850063E-15));
#3263=CARTESIAN_POINT('',(-76.5,18.5,26.5));
#3264=CARTESIAN_POINT('',(-76.5,35.4852813742386,26.));
#3265=CARTESIAN_POINT('Origin',(-76.5,27.,26.5));
#3266=CARTESIAN_POINT('',(-76.5,18.5,-26.5));
#3267=CARTESIAN_POINT('',(-76.5,18.5,13.25));
#3268=CARTESIAN_POINT('',(-76.5,35.5,-26.5));
#3269=CARTESIAN_POINT('Origin',(-76.5,27.,-26.5));
#3270=CARTESIAN_POINT('',(-76.5,35.5,0.609617077964295));
#3271=CARTESIAN_POINT('',(-76.5,35.5,-0.194858664698756));
#3272=CARTESIAN_POINT('',(-76.5,60.5,23.5341658660503));
#3273=CARTESIAN_POINT('',(-76.5,33.1204949118572,-1.57234614142087));
#3274=CARTESIAN_POINT('',(-76.5,60.5,26.));
#3275=CARTESIAN_POINT('',(-76.5,60.5,2.22044604925031E-15));
#3276=CARTESIAN_POINT('',(-76.5,31.5,26.));
#3277=CARTESIAN_POINT('',(-76.5,27.,31.));
#3278=CARTESIAN_POINT('Origin',(-76.5,27.,26.5));
#3279=CARTESIAN_POINT('Origin',(-76.75,27.,26.5));
#3280=CARTESIAN_POINT('',(-76.75,27.,30.75));
#3281=CARTESIAN_POINT('Origin',(-105.25,27.,-26.5));
#3282=CARTESIAN_POINT('',(-105.,27.,-22.5));
#3283=CARTESIAN_POINT('Origin',(-105.,27.,-26.5));
#3284=CARTESIAN_POINT('',(-105.25,27.,-22.25));
#3285=CARTESIAN_POINT('Origin',(-105.5,27.,-26.5));
#3286=CARTESIAN_POINT('',(-101.5,27.,-22.5));
#3287=CARTESIAN_POINT('Origin',(-101.5,27.,-26.5));
#3288=CARTESIAN_POINT('',(-105.5,27.,-22.5));
#3289=CARTESIAN_POINT('Origin',(-101.25,27.,-26.5));
#3290=CARTESIAN_POINT('',(-101.25,27.,-22.25));
#3291=CARTESIAN_POINT('Origin',(-79.25,37.543011911953,2.14382676580835));
#3292=CARTESIAN_POINT('',(-79.5,35.5,0.609617077964298));
#3293=CARTESIAN_POINT('',(-79.5,56.6458719441761,19.9999999999996));
#3294=CARTESIAN_POINT('',(-79.5,37.3740491891005,2.32808636063659));
#3295=CARTESIAN_POINT('',(-79.,57.3856800976533,19.9999999999996));
#3296=CARTESIAN_POINT('',(-82.8820438707231,51.6417446822188,19.9999999999996));
#3297=CARTESIAN_POINT('',(-79.,37.7119746348055,1.95956717098012));
#3298=CARTESIAN_POINT('',(-79.,36.,0.389717329397521));
#3299=CARTESIAN_POINT('Origin',(-79.25,35.75,-10.1948586646989));
#3300=CARTESIAN_POINT('',(-79.5,35.5,-10.1948586646989));
#3301=CARTESIAN_POINT('Origin',(-79.5,61.,-20.0000000000004));
#3302=CARTESIAN_POINT('',(-79.5,34.,19.9999999999996));
#3303=CARTESIAN_POINT('',(-79.5,34.,-10.0000000000004));
#3304=CARTESIAN_POINT('',(-79.5,61.,19.9999999999996));
#3305=CARTESIAN_POINT('Origin',(-105.25,27.,26.5));
#3306=CARTESIAN_POINT('Ctrl Pts',(-105.5,35.4962086999136,26.2461541264608));
#3307=CARTESIAN_POINT('Ctrl Pts',(-105.255815919245,35.7432606858708,26.3384957732789));
#3308=CARTESIAN_POINT('Ctrl Pts',(-105.,35.9997750151948,26.4363629363086));
#3309=CARTESIAN_POINT('Origin',(-105.25,27.,-26.5));
#3310=CARTESIAN_POINT('Ctrl Pts',(-105.,35.9997750151948,-26.4363629363086));
#3311=CARTESIAN_POINT('Ctrl Pts',(-105.255815919241,35.743260685875,-26.3384957732804));
#3312=CARTESIAN_POINT('Ctrl Pts',(-105.5,35.4962086999136,-26.2461541264607));
#3313=CARTESIAN_POINT('Origin',(-76.75,27.,26.5));
#3314=CARTESIAN_POINT('',(-77.,18.,26.5));
#3315=CARTESIAN_POINT('Ctrl Pts',(-76.5,35.4852813742386,26.));
#3316=CARTESIAN_POINT('Ctrl Pts',(-76.6648574070308,35.6601390598991,26.1648574070308));
#3317=CARTESIAN_POINT('Ctrl Pts',(-76.8317439962719,35.8317439962719,26.3317439962719));
#3318=CARTESIAN_POINT('Ctrl Pts',(-77.,36.,26.5));
#3319=CARTESIAN_POINT('Origin',(-76.5,60.5,26.));
#3320=CARTESIAN_POINT('',(-77.,61.,26.));
#3321=CARTESIAN_POINT('',(-77.,60.5,26.5));
#3322=CARTESIAN_POINT('',(-76.5,60.5,26.));
#3323=CARTESIAN_POINT('',(-77.,61.,26.));
#3324=CARTESIAN_POINT('Origin',(-76.75,31.5,26.25));
#3325=CARTESIAN_POINT('Origin',(-76.75,60.75,2.22044604925031E-15));
#3326=CARTESIAN_POINT('',(-77.,61.,23.3142661174835));
#3327=CARTESIAN_POINT('',(-77.,61.,2.22044604925031E-15));
#3328=CARTESIAN_POINT('',(-76.5,60.5,23.5341658660503));
#3329=CARTESIAN_POINT('Origin',(-87.75,60.75,26.25));
#3330=CARTESIAN_POINT('',(-89.7416282923453,61.,26.));
#3331=CARTESIAN_POINT('',(-89.7416282923453,61.,26.));
#3332=CARTESIAN_POINT('',(-87.75,61.,26.));
#3333=CARTESIAN_POINT('Origin',(-89.7416282923453,58.,26.25));
#3334=CARTESIAN_POINT('Origin',(-89.7416282923453,58.,26.));
#3335=CARTESIAN_POINT('',(-92.3591463401945,59.4658101067955,26.));
#3336=CARTESIAN_POINT('Origin',(-103.610740731092,38.8620148094114,26.25));
#3337=CARTESIAN_POINT('Origin',(-76.75,33.2894576347097,-1.7566057362491));
#3338=CARTESIAN_POINT('',(-77.,33.4584203575622,-1.94086533107733));
#3339=CARTESIAN_POINT('',(-76.5,35.5,0.609617077964295));
#3340=CARTESIAN_POINT('Origin',(-76.75,18.25,13.25));
#3341=CARTESIAN_POINT('',(-77.,18.,-26.5));
#3342=CARTESIAN_POINT('Origin',(-76.75,27.,-26.5));
#3343=CARTESIAN_POINT('',(-77.,36.,-26.5));
#3344=CARTESIAN_POINT('Origin',(-76.75,35.75,-0.194858664698756));
#3345=CARTESIAN_POINT('Origin',(-82.,35.5000000000001,-26.5));
#3346=CARTESIAN_POINT('',(-82.,35.5000000000001,-26.5));
#3347=CARTESIAN_POINT('',(-81.5,36.5,-26.));
#3348=CARTESIAN_POINT('Origin',(-76.5,35.75,-26.25));
#3349=CARTESIAN_POINT('Origin',(-82.0000000000001,61.,-26.));
#3350=CARTESIAN_POINT('',(-81.5,60.5,-26.));
#3351=CARTESIAN_POINT('',(-82.,60.5,-26.5));
#3352=CARTESIAN_POINT('',(-82.0000000000001,61.,-26.));
#3353=CARTESIAN_POINT('',(-82.0000000000001,61.,-26.));
#3354=CARTESIAN_POINT('',(-81.5,60.5,-26.));
#3355=CARTESIAN_POINT('Origin',(-80.25,60.75,-26.25));
#3356=CARTESIAN_POINT('',(-89.7416282923452,61.,-26.));
#3357=CARTESIAN_POINT('',(-89.7416282923452,60.5,-26.5));
#3358=CARTESIAN_POINT('',(-80.25,61.,-26.));
#3359=CARTESIAN_POINT('Origin',(-89.7416282923452,58.,-26.25));
#3360=CARTESIAN_POINT('',(-91.9228933322195,59.2215084223296,-26.5));
#3361=CARTESIAN_POINT('Origin',(-89.7416282923452,58.,-26.));
#3362=CARTESIAN_POINT('Origin',(-101.820241340105,42.0593351504588,-26.25));
#3363=CARTESIAN_POINT('Origin',(-81.75,60.75,9.99999999999981));
#3364=CARTESIAN_POINT('',(-82.0000000000001,61.,23.3142661174835));
#3365=CARTESIAN_POINT('',(-81.5,60.5,22.8557751417218));
#3366=CARTESIAN_POINT('',(-70.6952486350809,49.6952486350816,12.9480131493934));
#3367=CARTESIAN_POINT('',(-81.5,60.5,9.99999999999981));
#3368=CARTESIAN_POINT('',(-82.0000000000001,61.,9.99999999999981));
#3369=CARTESIAN_POINT('Origin',(-81.75,48.5,-26.25));
#3370=CARTESIAN_POINT('',(-81.5,48.5,-26.));
#3371=CARTESIAN_POINT('Origin',(-101.25,27.,26.5));
#3372=CARTESIAN_POINT('Origin',(-81.5,19.0126127233198,29.4071712182682));
#3373=CARTESIAN_POINT('Origin',(-89.7416282923453,58.,13.25));
#3374=CARTESIAN_POINT('',(-89.7416282923453,61.,13.25));
#3375=CARTESIAN_POINT('Ctrl Pts',(-80.3032389940299,43.9187446751665,26.5));
#3376=CARTESIAN_POINT('Ctrl Pts',(-80.3032389940299,43.9187446751665,24.5));
#3377=CARTESIAN_POINT('Ctrl Pts',(-80.3955796747726,44.0769813688452,26.5));
#3378=CARTESIAN_POINT('Ctrl Pts',(-80.3955796747726,44.0769813688452,24.5));
#3379=CARTESIAN_POINT('Ctrl Pts',(-80.6269136076099,44.4733994629443,26.5));
#3380=CARTESIAN_POINT('Ctrl Pts',(-80.6269136076099,44.4733994629443,24.5));
#3381=CARTESIAN_POINT('Ctrl Pts',(-80.8319198048253,44.8841250513297,26.5));
#3382=CARTESIAN_POINT('Ctrl Pts',(-80.8319198048253,44.8841250513297,24.5));
#3383=CARTESIAN_POINT('Ctrl Pts',(-80.9550944627799,45.1309028782915,26.5));
#3384=CARTESIAN_POINT('Ctrl Pts',(-80.9550944627799,45.1309028782915,24.5));
#3385=CARTESIAN_POINT('',(-80.3032389940299,43.9187446751665,24.5));
#3386=CARTESIAN_POINT('',(-80.3032389940299,43.9187446751665,26.5));
#3387=CARTESIAN_POINT('',(-80.9550944627799,45.1309028782915,24.5));
#3388=CARTESIAN_POINT('Ctrl Pts',(-80.3032389940299,43.9187446751665,24.5));
#3389=CARTESIAN_POINT('Ctrl Pts',(-80.3955796747726,44.0769813688452,24.5));
#3390=CARTESIAN_POINT('Ctrl Pts',(-80.6269136076099,44.4733994629443,24.5));
#3391=CARTESIAN_POINT('Ctrl Pts',(-80.8319198048253,44.8841250513297,24.5));
#3392=CARTESIAN_POINT('Ctrl Pts',(-80.9550944627799,45.1309028782915,24.5));
#3393=CARTESIAN_POINT('',(-80.9550944627799,45.1309028782915,26.5));
#3394=CARTESIAN_POINT('Ctrl Pts',(-79.5268718065299,42.8677192845415,26.5));
#3395=CARTESIAN_POINT('Ctrl Pts',(-79.5268718065299,42.8677192845415,24.5));
#3396=CARTESIAN_POINT('Ctrl Pts',(-79.6872778845409,43.070343907298,26.5));
#3397=CARTESIAN_POINT('Ctrl Pts',(-79.6872778845409,43.0703439072979,24.5));
#3398=CARTESIAN_POINT('Ctrl Pts',(-79.9578158899329,43.4120869507261,26.5));
#3399=CARTESIAN_POINT('Ctrl Pts',(-79.9578158899329,43.4120869507261,24.5));
#3400=CARTESIAN_POINT('Ctrl Pts',(-80.203304355276,43.7721631174673,26.5));
#3401=CARTESIAN_POINT('Ctrl Pts',(-80.203304355276,43.7721631174673,24.5));
#3402=CARTESIAN_POINT('Ctrl Pts',(-80.3032389940299,43.9187446751665,26.5));
#3403=CARTESIAN_POINT('Ctrl Pts',(-80.3032389940299,43.9187446751665,24.5));
#3404=CARTESIAN_POINT('',(-79.5268718065299,42.8677192845415,24.5));
#3405=CARTESIAN_POINT('',(-79.5268718065299,42.8677192845415,26.5));
#3406=CARTESIAN_POINT('Ctrl Pts',(-79.5268718065299,42.8677192845415,24.5));
#3407=CARTESIAN_POINT('Ctrl Pts',(-79.6872778845409,43.0703439072979,24.5));
#3408=CARTESIAN_POINT('Ctrl Pts',(-79.9578158899329,43.4120869507261,24.5));
#3409=CARTESIAN_POINT('Ctrl Pts',(-80.203304355276,43.7721631174673,24.5));
#3410=CARTESIAN_POINT('Ctrl Pts',(-80.3032389940299,43.9187446751665,24.5));
#3411=CARTESIAN_POINT('Origin',(-91.2090007127799,42.8677192845415,26.5));
#3412=CARTESIAN_POINT('',(-91.2090007127799,42.8677192845415,24.5));
#3413=CARTESIAN_POINT('',(-91.2090007127799,42.8677192845415,26.5));
#3414=CARTESIAN_POINT('',(-91.2090007127799,42.8677192845415,24.5));
#3415=CARTESIAN_POINT('Origin',(-91.2090007127799,42.1279731907915,26.5));
#3416=CARTESIAN_POINT('',(-91.2090007127799,42.1279731907915,24.5));
#3417=CARTESIAN_POINT('',(-91.2090007127799,42.1279731907915,26.5));
#3418=CARTESIAN_POINT('',(-91.2090007127799,42.1279731907915,24.5));
#3419=CARTESIAN_POINT('Origin',(-79.5268718065299,42.1279731907915,26.5));
#3420=CARTESIAN_POINT('',(-79.5268718065299,42.1279731907915,24.5));
#3421=CARTESIAN_POINT('',(-79.5268718065299,42.1279731907915,26.5));
#3422=CARTESIAN_POINT('',(-79.5268718065299,42.1279731907915,24.5));
#3423=CARTESIAN_POINT('Ctrl Pts',(-80.9697429002799,39.8647895970415,26.5));
#3424=CARTESIAN_POINT('Ctrl Pts',(-80.9697429002799,39.8647895970415,24.5));
#3425=CARTESIAN_POINT('Ctrl Pts',(-80.7527686853724,40.3104339900774,26.5));
#3426=CARTESIAN_POINT('Ctrl Pts',(-80.7527686853724,40.3104339900774,24.5));
#3427=CARTESIAN_POINT('Ctrl Pts',(-80.3581885192252,41.1208641083369,26.5));
#3428=CARTESIAN_POINT('Ctrl Pts',(-80.3581885192252,41.1208641083368,24.5));
#3429=CARTESIAN_POINT('Ctrl Pts',(-79.7849116139513,41.8153676221552,26.5));
#3430=CARTESIAN_POINT('Ctrl Pts',(-79.7849116139513,41.8153676221552,24.5));
#3431=CARTESIAN_POINT('Ctrl Pts',(-79.5268718065299,42.1279731907915,26.5));
#3432=CARTESIAN_POINT('Ctrl Pts',(-79.5268718065299,42.1279731907915,24.5));
#3433=CARTESIAN_POINT('',(-80.9697429002799,39.8647895970415,24.5));
#3434=CARTESIAN_POINT('',(-80.9697429002799,39.8647895970415,26.5));
#3435=CARTESIAN_POINT('Ctrl Pts',(-80.9697429002799,39.8647895970415,24.5));
#3436=CARTESIAN_POINT('Ctrl Pts',(-80.7527686853724,40.3104339900774,24.5));
#3437=CARTESIAN_POINT('Ctrl Pts',(-80.3581885192252,41.1208641083368,24.5));
#3438=CARTESIAN_POINT('Ctrl Pts',(-79.7849116139513,41.8153676221552,24.5));
#3439=CARTESIAN_POINT('Ctrl Pts',(-79.5268718065299,42.1279731907915,24.5));
#3440=CARTESIAN_POINT('Origin',(-80.4057780565299,39.8647895970415,26.5));
#3441=CARTESIAN_POINT('',(-80.4057780565299,39.8647895970415,24.5));
#3442=CARTESIAN_POINT('',(-80.4057780565299,39.8647895970415,26.5));
#3443=CARTESIAN_POINT('',(-80.4057780565299,39.8647895970415,24.5));
#3444=CARTESIAN_POINT('Ctrl Pts',(-78.7798014940299,41.4651313939165,26.5));
#3445=CARTESIAN_POINT('Ctrl Pts',(-78.7798014940299,41.4651313939165,24.5));
#3446=CARTESIAN_POINT('Ctrl Pts',(-79.0328953620006,41.2450020188987,26.5));
#3447=CARTESIAN_POINT('Ctrl Pts',(-79.0328953620006,41.2450020188987,24.5));
#3448=CARTESIAN_POINT('Ctrl Pts',(-79.6076233469987,40.7451301209455,26.5));
#3449=CARTESIAN_POINT('Ctrl Pts',(-79.6076233469987,40.7451301209455,24.5));
#3450=CARTESIAN_POINT('Ctrl Pts',(-80.1193828768684,40.1806748251758,26.5));
#3451=CARTESIAN_POINT('Ctrl Pts',(-80.1193828768684,40.1806748251758,24.5));
#3452=CARTESIAN_POINT('Ctrl Pts',(-80.4057780565299,39.8647895970415,26.5));
#3453=CARTESIAN_POINT('Ctrl Pts',(-80.4057780565299,39.8647895970415,24.5));
#3454=CARTESIAN_POINT('',(-78.7798014940299,41.4651313939165,24.5));
#3455=CARTESIAN_POINT('',(-78.7798014940299,41.4651313939165,26.5));
#3456=CARTESIAN_POINT('Ctrl Pts',(-78.7798014940299,41.4651313939165,24.5));
#3457=CARTESIAN_POINT('Ctrl Pts',(-79.0328953620006,41.2450020188987,24.5));
#3458=CARTESIAN_POINT('Ctrl Pts',(-79.6076233469987,40.7451301209455,24.5));
#3459=CARTESIAN_POINT('Ctrl Pts',(-80.1193828768684,40.1806748251758,24.5));
#3460=CARTESIAN_POINT('Ctrl Pts',(-80.4057780565299,39.8647895970415,24.5));
#3461=CARTESIAN_POINT('Ctrl Pts',(-77.3735514940299,42.3623481907915,26.5));
#3462=CARTESIAN_POINT('Ctrl Pts',(-77.3735514940299,42.3623481907915,24.5));
#3463=CARTESIAN_POINT('Ctrl Pts',(-77.6156126491761,42.2353091961016,26.5));
#3464=CARTESIAN_POINT('Ctrl Pts',(-77.6156126491761,42.2353091961016,24.5));
#3465=CARTESIAN_POINT('Ctrl Pts',(-78.1096775016869,41.9760131428514,26.5));
#3466=CARTESIAN_POINT('Ctrl Pts',(-78.1096775016869,41.9760131428514,24.5));
#3467=CARTESIAN_POINT('Ctrl Pts',(-78.5534500095834,41.6376947457281,26.5));
#3468=CARTESIAN_POINT('Ctrl Pts',(-78.5534500095834,41.637694745728,24.5));
#3469=CARTESIAN_POINT('Ctrl Pts',(-78.7798014940299,41.4651313939165,26.5));
#3470=CARTESIAN_POINT('Ctrl Pts',(-78.7798014940299,41.4651313939165,24.5));
#3471=CARTESIAN_POINT('',(-77.3735514940299,42.3623481907915,24.5));
#3472=CARTESIAN_POINT('',(-77.3735514940299,42.3623481907915,26.5));
#3473=CARTESIAN_POINT('Ctrl Pts',(-77.3735514940299,42.3623481907915,24.5));
#3474=CARTESIAN_POINT('Ctrl Pts',(-77.6156126491761,42.2353091961016,24.5));
#3475=CARTESIAN_POINT('Ctrl Pts',(-78.1096775016869,41.9760131428514,24.5));
#3476=CARTESIAN_POINT('Ctrl Pts',(-78.5534500095834,41.637694745728,24.5));
#3477=CARTESIAN_POINT('Ctrl Pts',(-78.7798014940299,41.4651313939165,24.5));
#3478=CARTESIAN_POINT('Origin',(-77.3735514940299,42.6919380345415,26.5));
#3479=CARTESIAN_POINT('',(-77.3735514940299,42.6919380345415,24.5));
#3480=CARTESIAN_POINT('',(-77.3735514940299,42.6919380345415,26.5));
#3481=CARTESIAN_POINT('',(-77.3735514940299,42.6919380345415,24.5));
#3482=CARTESIAN_POINT('Ctrl Pts',(-78.7138835252799,43.5159126439165,26.5));
#3483=CARTESIAN_POINT('Ctrl Pts',(-78.7138835252799,43.5159126439165,24.5));
#3484=CARTESIAN_POINT('Ctrl Pts',(-78.4887024940549,43.3470011184631,26.5));
#3485=CARTESIAN_POINT('Ctrl Pts',(-78.4887024940549,43.3470011184631,24.5));
#3486=CARTESIAN_POINT('Ctrl Pts',(-78.0672005548435,43.0308264604715,26.5));
#3487=CARTESIAN_POINT('Ctrl Pts',(-78.0672005548435,43.0308264604715,24.5));
#3488=CARTESIAN_POINT('Ctrl Pts',(-77.5939671262139,42.7996240545494,26.5));
#3489=CARTESIAN_POINT('Ctrl Pts',(-77.5939671262139,42.7996240545494,24.5));
#3490=CARTESIAN_POINT('Ctrl Pts',(-77.3735514940299,42.6919380345415,26.5));
#3491=CARTESIAN_POINT('Ctrl Pts',(-77.3735514940299,42.6919380345415,24.5));
#3492=CARTESIAN_POINT('',(-78.7138835252799,43.5159126439165,24.5));
#3493=CARTESIAN_POINT('',(-78.7138835252799,43.5159126439165,26.5));
#3494=CARTESIAN_POINT('Ctrl Pts',(-78.7138835252799,43.5159126439165,24.5));
#3495=CARTESIAN_POINT('Ctrl Pts',(-78.4887024940549,43.3470011184631,24.5));
#3496=CARTESIAN_POINT('Ctrl Pts',(-78.0672005548435,43.0308264604715,24.5));
#3497=CARTESIAN_POINT('Ctrl Pts',(-77.5939671262139,42.7996240545494,24.5));
#3498=CARTESIAN_POINT('Ctrl Pts',(-77.3735514940299,42.6919380345415,24.5));
#3499=CARTESIAN_POINT('Ctrl Pts',(-80.3984538377799,45.1309028782915,26.5));
#3500=CARTESIAN_POINT('Ctrl Pts',(-80.3984538377799,45.1309028782915,24.5));
#3501=CARTESIAN_POINT('Ctrl Pts',(-80.1024213533221,44.8122621980936,26.5));
#3502=CARTESIAN_POINT('Ctrl Pts',(-80.1024213533221,44.8122621980936,24.5));
#3503=CARTESIAN_POINT('Ctrl Pts',(-79.5719311994877,44.2412581619465,26.5));
#3504=CARTESIAN_POINT('Ctrl Pts',(-79.5719311994877,44.2412581619465,24.5));
#3505=CARTESIAN_POINT('Ctrl Pts',(-78.9768764403578,43.7382321466195,26.5));
#3506=CARTESIAN_POINT('Ctrl Pts',(-78.9768764403578,43.7382321466195,24.5));
#3507=CARTESIAN_POINT('Ctrl Pts',(-78.7138835252799,43.5159126439165,26.5));
#3508=CARTESIAN_POINT('Ctrl Pts',(-78.7138835252799,43.5159126439165,24.5));
#3509=CARTESIAN_POINT('',(-80.3984538377799,45.1309028782915,24.5));
#3510=CARTESIAN_POINT('',(-80.3984538377799,45.1309028782915,26.5));
#3511=CARTESIAN_POINT('Ctrl Pts',(-80.3984538377799,45.1309028782915,24.5));
#3512=CARTESIAN_POINT('Ctrl Pts',(-80.1024213533221,44.8122621980936,24.5));
#3513=CARTESIAN_POINT('Ctrl Pts',(-79.5719311994877,44.2412581619465,24.5));
#3514=CARTESIAN_POINT('Ctrl Pts',(-78.9768764403578,43.7382321466195,24.5));
#3515=CARTESIAN_POINT('Ctrl Pts',(-78.7138835252799,43.5159126439165,24.5));
#3516=CARTESIAN_POINT('Origin',(-80.9550944627799,45.1309028782915,26.5));
#3517=CARTESIAN_POINT('',(-80.9550944627799,45.1309028782915,24.5));
#3518=CARTESIAN_POINT('Origin',(-84.2912761034049,42.4978462376665,24.5));
#3519=CARTESIAN_POINT('Origin',(-81.5,61.,19.9999999999996));
#3520=CARTESIAN_POINT('',(-81.5,57.3856800976533,19.9999999999996));
#3521=CARTESIAN_POINT('',(-81.5,61.,23.3142661174835));
#3522=CARTESIAN_POINT('',(-81.5,34.,19.9999999999996));
#3523=CARTESIAN_POINT('',(-81.5,61.,19.9999999999996));
#3524=CARTESIAN_POINT('',(-81.5,34.,9.99999999999962));
#3525=CARTESIAN_POINT('Origin',(-76.5,36.,0.389717329397521));
#3526=CARTESIAN_POINT('',(-78.,57.3856800976533,19.9999999999996));
#3527=CARTESIAN_POINT('',(-80.25,61.,23.3142661174835));
#3528=CARTESIAN_POINT('Origin',(-84.,61.,0.));
#3529=CARTESIAN_POINT('Origin',(-79.5,61.,19.9999999999996));
#3530=CARTESIAN_POINT('',(-80.,34.,19.9999999999996));
#3531=CARTESIAN_POINT('Origin',(-80.5,34.,-3.81916720471054E-13));
#3532=CARTESIAN_POINT('Origin',(-89.3000000000001,20.15,-1.77635683940025E-14));
#3533=CARTESIAN_POINT('',(-89.3000000000001,18.7,-2.66453525910038E-14));
#3534=CARTESIAN_POINT('Origin',(-89.3000000000001,20.15,-1.77635683940025E-14));
#3535=CARTESIAN_POINT('Origin',(-105.5,20.15,-1.77635683940025E-14));
#3536=CARTESIAN_POINT('',(-105.5,18.7,-2.61796599629561E-14));
#3537=CARTESIAN_POINT('Origin',(-89.3000000000001,28.1499999999999,8.));
#3538=CARTESIAN_POINT('',(-89.3000000000001,28.1499999999999,9.44999999999999));
#3539=CARTESIAN_POINT('Origin',(-89.3000000000001,28.1499999999999,8.));
#3540=CARTESIAN_POINT('Origin',(-105.5,28.1499999999999,8.));
#3541=CARTESIAN_POINT('',(-105.5,28.1499999999999,9.44999999999999));
#3542=CARTESIAN_POINT('Origin',(-89.3000000000001,36.1499999999999,7.105427357601E-14));
#3543=CARTESIAN_POINT('',(-89.3000000000001,37.5999999999999,7.99360577730113E-14));
#3544=CARTESIAN_POINT('Origin',(-89.3000000000001,36.1499999999999,7.105427357601E-14));
#3545=CARTESIAN_POINT('Origin',(-105.5,36.1499999999999,7.105427357601E-14));
#3546=CARTESIAN_POINT('',(-105.5,37.5999999999999,7.964793893084E-14));
#3547=CARTESIAN_POINT('',(147.778890303607,37.2784435627442,-44.3229023531777));
#3548=UNCERTAINTY_MEASURE_WITH_UNIT(LENGTH_MEASURE(0.01),#3554,
'DISTANCE_ACCURACY_VALUE',
'Maximum model space distance between geometric entities at asserted c
onnectivities');
#3549=UNCERTAINTY_MEASURE_WITH_UNIT(LENGTH_MEASURE(0.01),#3554,
'DISTANCE_ACCURACY_VALUE',
'Maximum model space distance between geometric entities at asserted c
onnectivities');
#3550=UNCERTAINTY_MEASURE_WITH_UNIT(LENGTH_MEASURE(0.01),#3554,
'DISTANCE_ACCURACY_VALUE',
'Maximum model space distance between geometric entities at asserted c
onnectivities');
#3551=(
GEOMETRIC_REPRESENTATION_CONTEXT(3)
GLOBAL_UNCERTAINTY_ASSIGNED_CONTEXT((#3548))
GLOBAL_UNIT_ASSIGNED_CONTEXT((#3554,#3556,#3557))
REPRESENTATION_CONTEXT('','3D')
);
#3552=(
GEOMETRIC_REPRESENTATION_CONTEXT(3)
GLOBAL_UNCERTAINTY_ASSIGNED_CONTEXT((#3549))
GLOBAL_UNIT_ASSIGNED_CONTEXT((#3554,#3556,#3557))
REPRESENTATION_CONTEXT('','3D')
);
#3553=(
GEOMETRIC_REPRESENTATION_CONTEXT(3)
GLOBAL_UNCERTAINTY_ASSIGNED_CONTEXT((#3550))
GLOBAL_UNIT_ASSIGNED_CONTEXT((#3554,#3556,#3557))
REPRESENTATION_CONTEXT('','3D')
);
#3554=(
LENGTH_UNIT()
NAMED_UNIT(*)
SI_UNIT(.MILLI.,.METRE.)
);
#3555=(
LENGTH_UNIT()
NAMED_UNIT(*)
SI_UNIT($,.METRE.)
);
#3556=(
NAMED_UNIT(*)
PLANE_ANGLE_UNIT()
SI_UNIT($,.RADIAN.)
);
#3557=(
NAMED_UNIT(*)
SI_UNIT($,.STERADIAN.)
SOLID_ANGLE_UNIT()
);
#3558=SHAPE_DEFINITION_REPRESENTATION(#3560,#3563);
#3559=SHAPE_DEFINITION_REPRESENTATION(#3561,#3564);
#3560=PRODUCT_DEFINITION_SHAPE('',$,#3566);
#3561=PRODUCT_DEFINITION_SHAPE('',$,#3567);
#3562=PRODUCT_DEFINITION_SHAPE($,$,#14);
#3563=SHAPE_REPRESENTATION('',(#2071,#2249),#3551);
#3564=SHAPE_REPRESENTATION('',(#2072),#3552);
#3565=PRODUCT_DEFINITION_CONTEXT('part definition',#3573,'design');
#3566=PRODUCT_DEFINITION('Carriage v1','Carriage v1 v6',#3568,#3565);
#3567=PRODUCT_DEFINITION('Pump Carriage Sled','Pump Carriage Sled',#3569,
#3565);
#3568=PRODUCT_DEFINITION_FORMATION('',$,#3575);
#3569=PRODUCT_DEFINITION_FORMATION('',$,#3576);
#3570=PRODUCT_RELATED_PRODUCT_CATEGORY('Carriage v1 v6',
'Carriage v1 v6',(#3575));
#3571=PRODUCT_RELATED_PRODUCT_CATEGORY('Pump Carriage Sled',
'Pump Carriage Sled',(#3576));
#3572=APPLICATION_PROTOCOL_DEFINITION('international standard',
'automotive_design',2009,#3573);
#3573=APPLICATION_CONTEXT(
'Core Data for Automotive Mechanical Design Process');
#3574=PRODUCT_CONTEXT('part definition',#3573,'mechanical');
#3575=PRODUCT('Carriage v1','Carriage v1 v6',$,(#3574));
#3576=PRODUCT('Pump Carriage Sled','Pump Carriage Sled',$,(#3574));
#3577=PRESENTATION_STYLE_ASSIGNMENT((#3579));
#3578=PRESENTATION_STYLE_ASSIGNMENT((#3580));
#3579=SURFACE_STYLE_USAGE(.BOTH.,#3581);
#3580=SURFACE_STYLE_USAGE(.BOTH.,#3582);
#3581=SURFACE_SIDE_STYLE('',(#3583));
#3582=SURFACE_SIDE_STYLE('',(#3584));
#3583=SURFACE_STYLE_FILL_AREA(#3585);
#3584=SURFACE_STYLE_FILL_AREA(#3586);
#3585=FILL_AREA_STYLE('Stal \X2\2014\X0\ satynowa',(#3587));
#3586=FILL_AREA_STYLE('Tworzywo sztuczne \X2\2014\X0\ matowe (zielone)',
(#3588));
#3587=FILL_AREA_STYLE_COLOUR('Stal \X2\2014\X0\ satynowa',#3589);
#3588=FILL_AREA_STYLE_COLOUR('Tworzywo sztuczne \X2\2014\X0\ matowe (z
ielone)',#3590);
#3589=COLOUR_RGB('Stal \X2\2014\X0\ satynowa',0.627450980392157,0.627450980392157,
0.627450980392157);
#3590=COLOUR_RGB('Tworzywo sztuczne \X2\2014\X0\ matowe (zielone)',0.266666666666667,
0.588235294117647,0.282352941176471);
ENDSEC;
END-ISO-10303-21;
